city,air_quality,row_num
Bengaluru,Good,1
Bengaluru,Moderate,2
Bengaluru,Moderate,3
Bengaluru,Moderate,4
Bengaluru,Good,5
Bengaluru,Good,6
Bengaluru,Good,7
Bengaluru,Good,8
Bengaluru,Good,9
Bengaluru,Good,10
Bengaluru,Moderate,11
Bengaluru,Moderate,12
Bengaluru,Moderate,13
Bengaluru,Moderate,14
Bengaluru,Moderate,15
Bengaluru,Good,16
Bengaluru,Moderate,17
Bengaluru,Good,18
Bengaluru,Good,19
Bengaluru,Good,20
Bengaluru,Moderate,21
Bengaluru,Moderate,22
Bengaluru,Moderate,23
Bengaluru,Moderate,24
Bengaluru,Good,25
Bengaluru,Moderate,26
Bengaluru,Good,27
Bengaluru,Moderate,28
Bengaluru,Unhealthy,29
Bengaluru,Unhealthy,30
Bengaluru,Moderate,31
Bengaluru,Good,32
Bengaluru,Moderate,33
Bengaluru,Moderate,34
Bengaluru,Moderate,35
Bengaluru,Good,36
Bengaluru,Good,37
Bengaluru,Good,38
Bengaluru,Good,39
Bengaluru,Good,40
Bengaluru,Good,41
Bengaluru,Good,42
Bengaluru,Good,43
Bengaluru,Good,44
Bengaluru,Good,45
Bengaluru,Good,46
Bengaluru,Moderate,47
Bengaluru,Good,48
Bengaluru,Moderate,49
Bengaluru,Moderate,50
Bengaluru,Good,51
Bengaluru,Good,52
Bengaluru,Good,53
Bengaluru,Good,54
Bengaluru,Good,55
Bengaluru,Good,56
Bengaluru,Good,57
Bengaluru,Good,58
Bengaluru,Good,59
Bengaluru,Moderate,60
Bengaluru,Good,61
Bengaluru,Moderate,62
Bengaluru,Moderate,63
Bengaluru,Moderate,64
Bengaluru,Good,65
Bengaluru,Moderate,66
Bengaluru,Good,67
Bengaluru,Moderate,68
Bengaluru,Moderate,69
Bengaluru,Moderate,70
Bengaluru,Moderate,71
Bengaluru,Good,72
Bengaluru,Moderate,73
Bengaluru,Moderate,74
Bengaluru,Moderate,75
Bengaluru,Moderate,76
Bengaluru,Good,77
Bengaluru,Good,78
Bengaluru,Good,79
Bengaluru,Good,80
Bengaluru,Moderate,81
Bengaluru,Unhealthy,82
Bengaluru,Good,83
Bengaluru,Good,84
Bengaluru,Good,85
Bengaluru,Good,86
Bengaluru,Good,87
Bengaluru,Moderate,88
Bengaluru,Moderate,89
Bengaluru,Moderate,90
Bengaluru,Moderate,91
Bengaluru,Good,92
Bengaluru,Good,93
Bengaluru,Good,94
Bengaluru,Good,95
Bengaluru,Good,96
Bengaluru,Good,97
Bengaluru,Good,98
Bengaluru,Good,99
Bengaluru,Good,100
Bengaluru,Good,101
Bengaluru,Good,102
Bengaluru,Good,103
Bengaluru,Good,104
Bengaluru,Good,105
Bengaluru,Good,106
Bengaluru,Good,107
Bengaluru,Good,108
Bengaluru,Good,109
Bengaluru,Good,110
Bengaluru,Good,111
Bengaluru,Good,112
Bengaluru,Good,113
Bengaluru,Good,114
Bengaluru,Moderate,115
Bengaluru,Good,116
Bengaluru,Good,117
Bengaluru,Moderate,118
Bengaluru,Good,119
Bengaluru,Moderate,120
Bengaluru,Moderate,121
Bengaluru,Moderate,122
Bengaluru,Moderate,123
Bengaluru,Good,124
Bengaluru,Moderate,125
Bengaluru,Good,126
Bengaluru,Unhealthy,127
Bengaluru,Good,128
Bengaluru,Good,129
Bengaluru,Good,130
Bengaluru,Good,131
Bengaluru,Good,132
Bengaluru,Good,133
Bengaluru,Good,134
Bengaluru,Good,135
Bengaluru,Good,136
Bengaluru,Good,137
Bengaluru,Good,138
Bengaluru,Good,139
Bengaluru,Good,140
Bengaluru,Good,141
Bengaluru,Good,142
Bengaluru,Good,143
Bengaluru,Good,144
Bengaluru,Good,145
Bengaluru,Moderate,146
Bengaluru,Moderate,147
Bengaluru,Good,148
Bengaluru,Moderate,149
Bengaluru,Good,150
Bengaluru,Moderate,151
Bengaluru,Moderate,152
Bengaluru,Good,153
Bengaluru,Good,154
Bengaluru,Good,155
Bengaluru,Good,156
Bengaluru,Good,157
Bengaluru,Good,158
Bengaluru,Good,159
Bengaluru,Good,160
Bengaluru,Good,161
Bengaluru,Good,162
Bengaluru,Good,163
Bengaluru,Good,164
Bengaluru,Good,165
Bengaluru,Good,166
Bengaluru,Good,167
Bengaluru,Good,168
Bengaluru,Good,169
Bengaluru,Good,170
Bengaluru,Good,171
Bengaluru,Good,172
Bengaluru,Good,173
Bengaluru,Good,174
Bengaluru,Good,175
Bengaluru,Good,176
Bengaluru,Good,177
Bengaluru,Good,178
Bengaluru,Good,179
Bengaluru,Good,180
Bengaluru,Good,181
Bengaluru,Good,182
Bengaluru,Good,183
Bengaluru,Good,184
Bengaluru,Good,185
Bengaluru,Good,186
Bengaluru,Good,187
Bengaluru,Good,188
Bengaluru,Good,189
Bengaluru,Good,190
Bengaluru,Good,191
Bengaluru,Good,192
Bengaluru,Good,193
Bengaluru,Good,194
Bengaluru,Good,195
Bengaluru,Good,196
Bengaluru,Good,197
Bengaluru,Good,198
Bengaluru,Good,199
Bengaluru,Good,200
Bengaluru,Good,201
Bengaluru,Good,202
Bengaluru,Good,203
Bengaluru,Good,204
Bengaluru,Good,205
Bengaluru,Good,206
Bengaluru,Good,207
Bengaluru,Good,208
Bengaluru,Good,209
Bengaluru,Good,210
Bengaluru,Good,211
Bengaluru,Good,212
Bengaluru,Good,213
Bengaluru,Good,214
Bengaluru,Good,215
Bengaluru,Good,216
Bengaluru,Good,217
Bengaluru,Good,218
Bengaluru,Good,219
Bengaluru,Good,220
Bengaluru,Good,221
Bengaluru,Good,222
Bengaluru,Good,223
Bengaluru,Good,224
Bengaluru,Good,225
Bengaluru,Good,226
Bengaluru,Good,227
Bengaluru,Good,228
Bengaluru,Good,229
Bengaluru,Good,230
Bengaluru,Good,231
Bengaluru,Good,232
Bengaluru,Good,233
Bengaluru,Good,234
Bengaluru,Good,235
Bengaluru,Good,236
Bengaluru,Good,237
Bengaluru,Good,238
Bengaluru,Good,239
Bengaluru,Good,240
Bengaluru,Good,241
Bengaluru,Good,242
Bengaluru,Good,243
Bengaluru,Good,244
Bengaluru,Good,245
Bengaluru,Good,246
Bengaluru,Good,247
Bengaluru,Good,248
Bengaluru,Good,249
Bengaluru,Good,250
Bengaluru,Good,251
Bengaluru,Good,252
Bengaluru,Good,253
Bengaluru,Good,254
Bengaluru,Good,255
Bengaluru,Good,256
Bengaluru,Good,257
Bengaluru,Good,258
Bengaluru,Good,259
Bengaluru,Good,260
Bengaluru,Good,261
Bengaluru,Good,262
Bengaluru,Good,263
Bengaluru,Good,264
Bengaluru,Good,265
Bengaluru,Good,266
Bengaluru,Moderate,267
Bengaluru,Good,268
Bengaluru,Good,269
Bengaluru,Good,270
Bengaluru,Good,271
Bengaluru,Good,272
Bengaluru,Good,273
Bengaluru,Good,274
Bengaluru,Good,275
Bengaluru,Good,276
Bengaluru,Good,277
Bengaluru,Good,278
Bengaluru,Good,279
Bengaluru,Good,280
Bengaluru,Good,281
Bengaluru,Good,282
Bengaluru,Good,283
Bengaluru,Good,284
Bengaluru,Good,285
Bengaluru,Good,286
Bengaluru,Good,287
Bengaluru,Good,288
Bengaluru,Good,289
Bengaluru,Good,290
Bengaluru,Good,291
Bengaluru,Good,292
Bengaluru,Good,293
Bengaluru,Good,294
Bengaluru,Good,295
Bengaluru,Good,296
Bengaluru,Good,297
Bengaluru,Good,298
Bengaluru,Good,299
Bengaluru,Good,300
Bengaluru,Good,301
Bengaluru,Good,302
Bengaluru,Good,303
Bengaluru,Good,304
Bengaluru,Good,305
Bengaluru,Good,306
Bengaluru,Moderate,307
Bengaluru,Good,308
Bengaluru,Good,309
Bengaluru,Moderate,310
Bengaluru,Good,311
Bengaluru,Good,312
Bengaluru,Good,313
Bengaluru,Good,314
Bengaluru,Good,315
Bengaluru,Good,316
Bengaluru,Good,317
Bengaluru,Good,318
Bengaluru,Good,319
Bengaluru,Good,320
Bengaluru,Good,321
Bengaluru,Moderate,322
Bengaluru,Good,323
Bengaluru,Good,324
Bengaluru,Moderate,325
Bengaluru,Moderate,326
Bengaluru,Good,327
Bengaluru,Good,328
Bengaluru,Moderate,329
Bengaluru,Good,330
Bengaluru,Good,331
Bengaluru,Good,332
Bengaluru,Moderate,333
Bengaluru,Moderate,334
Bengaluru,Good,335
Bengaluru,Good,336
Bengaluru,Good,337
Bengaluru,Good,338
Bengaluru,Good,339
Bengaluru,Good,340
Bengaluru,Good,341
Bengaluru,Good,342
Bengaluru,Good,343
Bengaluru,Moderate,344
Bengaluru,Good,345
Bengaluru,Unhealthy,346
Bengaluru,Unhealthy,347
Bengaluru,Moderate,348
Bengaluru,Moderate,349
Bengaluru,Good,350
Bengaluru,Moderate,351
Bengaluru,Good,352
Bengaluru,Good,353
Bengaluru,Good,354
Bengaluru,Good,355
Bengaluru,Good,356
Bengaluru,Good,357
Bengaluru,Good,358
Bengaluru,Good,359
Bengaluru,Good,360
Bengaluru,Good,361
Bengaluru,Good,362
Bengaluru,Good,363
Bengaluru,Moderate,364
Bengaluru,Good,365
Bengaluru,Good,366
Bengaluru,Good,367
Bengaluru,Moderate,368
Bengaluru,Unhealthy,369
Bengaluru,Moderate,370
Bengaluru,Moderate,371
Bengaluru,Moderate,372
Bengaluru,Moderate,373
Bengaluru,Moderate,374
Bengaluru,Good,375
Bengaluru,Good,376
Bengaluru,Good,377
Bengaluru,Good,378
Bengaluru,Good,379
Bengaluru,Good,380
Bengaluru,Good,381
Bengaluru,Good,382
Bengaluru,Moderate,383
Bengaluru,Unhealthy,384
Bengaluru,Unhealthy,385
Bengaluru,Moderate,386
Bengaluru,Moderate,387
Bengaluru,Moderate,388
Bengaluru,Moderate,389
Bengaluru,Moderate,390
Bengaluru,Moderate,391
Bengaluru,Moderate,392
Bengaluru,Good,393
Bengaluru,Good,394
Bengaluru,Moderate,395
Bengaluru,Good,396
Bengaluru,Good,397
Bengaluru,Good,398
Bengaluru,Good,399
Bengaluru,Good,400
Bengaluru,Good,401
Bengaluru,Moderate,402
Bengaluru,Good,403
Bengaluru,Good,404
Bengaluru,Good,405
Bengaluru,Good,406
Bengaluru,Good,407
Bengaluru,Good,408
Bengaluru,Good,409
Bengaluru,Good,410
Bengaluru,Moderate,411
Bengaluru,Moderate,412
Bengaluru,Good,413
Bengaluru,Good,414
Bengaluru,Good,415
Bengaluru,Good,416
Bengaluru,Moderate,417
Bengaluru,Moderate,418
Bengaluru,Moderate,419
Bengaluru,Moderate,420
Bengaluru,Good,421
Bengaluru,Moderate,422
Bengaluru,Good,423
Bengaluru,Good,424
Bengaluru,Good,425
Bengaluru,Good,426
Bengaluru,Moderate,427
Bengaluru,Good,428
Bengaluru,Good,429
Bengaluru,Good,430
Bengaluru,Moderate,431
Bengaluru,Moderate,432
Bengaluru,Good,433
Bengaluru,Moderate,434
Bengaluru,Good,435
Bengaluru,Good,436
Bengaluru,Good,437
Bengaluru,Good,438
Bengaluru,Good,439
Bengaluru,Good,440
Bengaluru,Good,441
Bengaluru,Good,442
Bengaluru,Good,443
Bengaluru,Good,444
Bengaluru,Moderate,445
Bengaluru,Moderate,446
Bengaluru,Good,447
Bengaluru,Moderate,448
Bengaluru,Moderate,449
Bengaluru,Moderate,450
Bengaluru,Good,451
Bengaluru,Good,452
Bengaluru,Moderate,453
Bengaluru,Moderate,454
Bengaluru,Good,455
Bengaluru,Good,456
Bengaluru,Good,457
Bengaluru,Good,458
Bengaluru,Good,459
Bengaluru,Good,460
Bengaluru,Moderate,461
Bengaluru,Good,462
Bengaluru,Good,463
Bengaluru,Good,464
Bengaluru,Moderate,465
Bengaluru,Unhealthy,466
Bengaluru,Unhealthy,467
Bengaluru,Moderate,468
Bengaluru,Moderate,469
Bengaluru,Moderate,470
Bengaluru,Unhealthy,471
Bengaluru,Moderate,472
Bengaluru,Moderate,473
Bengaluru,Moderate,474
Bengaluru,Moderate,475
Bengaluru,Moderate,476
Bengaluru,Good,477
Bengaluru,Moderate,478
Bengaluru,Moderate,479
Bengaluru,Moderate,480
Bengaluru,Good,481
Bengaluru,Good,482
Bengaluru,Good,483
Bengaluru,Good,484
Bengaluru,Good,485
Bengaluru,Good,486
Bengaluru,Good,487
Bengaluru,Moderate,488
Bengaluru,Good,489
Bengaluru,Good,490
Bengaluru,Good,491
Bengaluru,Good,492
Bengaluru,Good,493
Bengaluru,Good,494
Bengaluru,Good,495
Bengaluru,Good,496
Bengaluru,Good,497
Bengaluru,Good,498
Bengaluru,Good,499
Bengaluru,Good,500
Bengaluru,Good,501
Bengaluru,Good,502
Bengaluru,Moderate,503
Bengaluru,Good,504
Bengaluru,Good,505
Bengaluru,Good,506
Bengaluru,Moderate,507
Bengaluru,Moderate,508
Bengaluru,Good,509
Bengaluru,Good,510
Bengaluru,Good,511
Bengaluru,Good,512
Bengaluru,Good,513
Bengaluru,Good,514
Bengaluru,Moderate,515
Bengaluru,Moderate,516
Bengaluru,Moderate,517
Bengaluru,Good,518
Bengaluru,Good,519
Bengaluru,Good,520
Bengaluru,Good,521
Bengaluru,Moderate,522
Bengaluru,Unhealthy,523
Bengaluru,Good,524
Bengaluru,Good,525
Bengaluru,Good,526
Bengaluru,Good,527
Bengaluru,Good,528
Bengaluru,Good,529
Bengaluru,Good,530
Bengaluru,Good,531
Bengaluru,Good,532
Bengaluru,Good,533
Bengaluru,Good,534
Bengaluru,Good,535
Bengaluru,Good,536
Bengaluru,Good,537
Bengaluru,Good,538
Bengaluru,Good,539
Bengaluru,Good,540
Bengaluru,Good,541
Bengaluru,Good,542
Bengaluru,Good,543
Bengaluru,Good,544
Bengaluru,Good,545
Bengaluru,Good,546
Bengaluru,Good,547
Bengaluru,Good,548
Bengaluru,Good,549
Bengaluru,Good,550
Bengaluru,Good,551
Bengaluru,Good,552
Bengaluru,Good,553
Bengaluru,Good,554
Bengaluru,Good,555
Bengaluru,Good,556
Bengaluru,Good,557
Bengaluru,Good,558
Bengaluru,Good,559
Bengaluru,Good,560
Bengaluru,Good,561
Bengaluru,Good,562
Bengaluru,Good,563
Bengaluru,Good,564
Bengaluru,Good,565
Bengaluru,Good,566
Bengaluru,Good,567
Bengaluru,Good,568
Bengaluru,Good,569
Bengaluru,Good,570
Bengaluru,Good,571
Bengaluru,Good,572
Bengaluru,Good,573
Bengaluru,Good,574
Bengaluru,Good,575
Bengaluru,Good,576
Bengaluru,Good,577
Bengaluru,Good,578
Bengaluru,Good,579
Bengaluru,Good,580
Bengaluru,Good,581
Bengaluru,Good,582
Bengaluru,Good,583
Bengaluru,Good,584
Bengaluru,Good,585
Bengaluru,Good,586
Bengaluru,Good,587
Bengaluru,Good,588
Bengaluru,Good,589
Bengaluru,Good,590
Bengaluru,Good,591
Bengaluru,Good,592
Bengaluru,Good,593
Bengaluru,Good,594
Bengaluru,Good,595
Bengaluru,Good,596
Bengaluru,Good,597
Bengaluru,Good,598
Bengaluru,Good,599
Bengaluru,Good,600
Bengaluru,Good,601
Bengaluru,Good,602
Bengaluru,Good,603
Bengaluru,Good,604
Bengaluru,Good,605
Bengaluru,Good,606
Bengaluru,Good,607
Bengaluru,Good,608
Bengaluru,Good,609
Bengaluru,Good,610
Bengaluru,Good,611
Bengaluru,Good,612
Bengaluru,Good,613
Bengaluru,Good,614
Bengaluru,Good,615
Bengaluru,Good,616
Bengaluru,Good,617
Bengaluru,Good,618
Bengaluru,Good,619
Bengaluru,Good,620
Bengaluru,Good,621
Bengaluru,Good,622
Bengaluru,Good,623
Bengaluru,Good,624
Bengaluru,Moderate,625
Bengaluru,Good,626
Bengaluru,Good,627
Bengaluru,Good,628
Bengaluru,Good,629
Bengaluru,Good,630
Bengaluru,Good,631
Bengaluru,Good,632
Bengaluru,Good,633
Bengaluru,Good,634
Bengaluru,Good,635
Bengaluru,Good,636
Bengaluru,Good,637
Bengaluru,Good,638
Bengaluru,Good,639
Bengaluru,Good,640
Bengaluru,Good,641
Bengaluru,Moderate,642
Bengaluru,Moderate,643
Bengaluru,Good,644
Bengaluru,Good,645
Bengaluru,Good,646
Bengaluru,Good,647
Bengaluru,Good,648
Bengaluru,Good,649
Bengaluru,Good,650
Bengaluru,Good,651
Bengaluru,Good,652
Bengaluru,Good,653
Bengaluru,Good,654
Bengaluru,Good,655
Bengaluru,Good,656
Bengaluru,Good,657
Bengaluru,Good,658
Bengaluru,Good,659
Bengaluru,Good,660
Bengaluru,Good,661
Bengaluru,Good,662
Bengaluru,Good,663
Bengaluru,Good,664
Bengaluru,Good,665
Bengaluru,Good,666
Bengaluru,Good,667
Bengaluru,Good,668
Bengaluru,Good,669
Bengaluru,Good,670
Bengaluru,Good,671
Bengaluru,Good,672
Bengaluru,Good,673
Bengaluru,Good,674
Bengaluru,Good,675
Bengaluru,Good,676
Bengaluru,Good,677
Bengaluru,Good,678
Bengaluru,Good,679
Bengaluru,Good,680
Bengaluru,Moderate,681
Bengaluru,Moderate,682
Bengaluru,Good,683
Bengaluru,Good,684
Bengaluru,Good,685
Bengaluru,Good,686
Bengaluru,Moderate,687
Bengaluru,Good,688
Bengaluru,Good,689
Bengaluru,Good,690
Bengaluru,Good,691
Bengaluru,Moderate,692
Bengaluru,Moderate,693
Bengaluru,Moderate,694
Bengaluru,Moderate,695
Bengaluru,Moderate,696
Bengaluru,Good,697
Bengaluru,Good,698
Bengaluru,Good,699
Bengaluru,Good,700
Bengaluru,Unhealthy,701
Bengaluru,Good,702
Bengaluru,Good,703
Bengaluru,Good,704
Bengaluru,Good,705
Bengaluru,Good,706
Bengaluru,Moderate,707
Bengaluru,Moderate,708
Bengaluru,Good,709
Bengaluru,Good,710
Bengaluru,Good,711
Bengaluru,Good,712
Bengaluru,Good,713
Bengaluru,Good,714
Bengaluru,Good,715
Bengaluru,Good,716
Bengaluru,Moderate,717
Bengaluru,Moderate,718
Bengaluru,Unhealthy,719
Bengaluru,Unhealthy,720
Bengaluru,Unhealthy,721
Bengaluru,Good,722
Bengaluru,Good,723
Bengaluru,Good,724
Bengaluru,Good,725
Bengaluru,Good,726
Bengaluru,Good,727
Bengaluru,Good,728
Bengaluru,Good,729
Bengaluru,Moderate,730
Bengaluru,Moderate,731
Bengaluru,Good,732
Bengaluru,Good,733
Bengaluru,Good,734
Bengaluru,Good,735
Bengaluru,Moderate,736
Bengaluru,Moderate,737
Bengaluru,Unhealthy,738
Bengaluru,Moderate,739
Bengaluru,Good,740
Bengaluru,Good,741
Bengaluru,Good,742
Bengaluru,Good,743
Bengaluru,Good,744
Bengaluru,Good,745
Bengaluru,Good,746
Bengaluru,Moderate,747
Bengaluru,Good,748
Bengaluru,Good,749
Bengaluru,Moderate,750
Bengaluru,Moderate,751
Bengaluru,Moderate,752
Bengaluru,Unhealthy,753
Bengaluru,Moderate,754
Bengaluru,Good,755
Bengaluru,Good,756
Bengaluru,Good,757
Bengaluru,Moderate,758
Bengaluru,Good,759
Bengaluru,Good,760
Bengaluru,Good,761
Bengaluru,Moderate,762
Bengaluru,Good,763
Bengaluru,Good,764
Bengaluru,Good,765
Bengaluru,Good,766
Bengaluru,Moderate,767
Bengaluru,Moderate,768
Bengaluru,Moderate,769
Bengaluru,Moderate,770
Bengaluru,Good,771
Bengaluru,Moderate,772
Bengaluru,Moderate,773
Bengaluru,Moderate,774
Bengaluru,Good,775
Bengaluru,Good,776
Bengaluru,Moderate,777
Bengaluru,Good,778
Bengaluru,Moderate,779
Bengaluru,Good,780
Bengaluru,Good,781
Bengaluru,Good,782
Bengaluru,Good,783
Bengaluru,Good,784
Bengaluru,Good,785
Bengaluru,Good,786
Bengaluru,Moderate,787
Bengaluru,Moderate,788
Bengaluru,Moderate,789
Bengaluru,Good,790
Bengaluru,Good,791
Bengaluru,Good,792
Bengaluru,Good,793
Bengaluru,Moderate,794
Bengaluru,Moderate,795
Bengaluru,Moderate,796
Bengaluru,Moderate,797
Bengaluru,Moderate,798
Bengaluru,Moderate,799
Bengaluru,Moderate,800
Bengaluru,Moderate,801
Bengaluru,Moderate,802
Bengaluru,Moderate,803
Bengaluru,Moderate,804
Bengaluru,Moderate,805
Bengaluru,Moderate,806
Bengaluru,Moderate,807
Bengaluru,Unhealthy,808
Bengaluru,Good,809
Bengaluru,Good,810
Bengaluru,Good,811
Bengaluru,Good,812
Bengaluru,Moderate,813
Bengaluru,Moderate,814
Bengaluru,Unhealthy,815
Bengaluru,Moderate,816
Bengaluru,Good,817
Bengaluru,Good,818
Bengaluru,Good,819
Bengaluru,Good,820
Bengaluru,Moderate,821
Bengaluru,Good,822
Bengaluru,Good,823
Bengaluru,Good,824
Bengaluru,Moderate,825
Bengaluru,Moderate,826
Bengaluru,Good,827
Bengaluru,Good,828
Bengaluru,Good,829
Bengaluru,Good,830
Bengaluru,Good,831
Bengaluru,Moderate,832
Bengaluru,Moderate,833
Bengaluru,Moderate,834
Bengaluru,Good,835
Bengaluru,Good,836
Bengaluru,Good,837
Bengaluru,Good,838
Bengaluru,Good,839
Bengaluru,Good,840
Bengaluru,Good,841
Bengaluru,Good,842
Bengaluru,Good,843
Bengaluru,Good,844
Bengaluru,Good,845
Bengaluru,Good,846
Bengaluru,Good,847
Bengaluru,Good,848
Bengaluru,Good,849
Bengaluru,Moderate,850
Bengaluru,Good,851
Bengaluru,Good,852
Bengaluru,Good,853
Bengaluru,Good,854
Bengaluru,Good,855
Bengaluru,Good,856
Bengaluru,Good,857
Bengaluru,Good,858
Bengaluru,Good,859
Bengaluru,Good,860
Bengaluru,Good,861
Bengaluru,Good,862
Bengaluru,Good,863
Bengaluru,Good,864
Bengaluru,Good,865
Bengaluru,Good,866
Bengaluru,Good,867
Bengaluru,Good,868
Bengaluru,Good,869
Bengaluru,Good,870
Bengaluru,Moderate,871
Bengaluru,Moderate,872
Bengaluru,Good,873
Bengaluru,Good,874
Bengaluru,Good,875
Bengaluru,Good,876
Bengaluru,Good,877
Bengaluru,Good,878
Bengaluru,Good,879
Bengaluru,Good,880
Bengaluru,Good,881
Bengaluru,Good,882
Bengaluru,Good,883
Bengaluru,Good,884
Bengaluru,Good,885
Bengaluru,Good,886
Bengaluru,Good,887
Bengaluru,Good,888
Bengaluru,Good,889
Bengaluru,Good,890
Bengaluru,Good,891
Bengaluru,Good,892
Bengaluru,Good,893
Bengaluru,Good,894
Bengaluru,Good,895
Bengaluru,Unhealthy,896
Bengaluru,Good,897
Bengaluru,Good,898
Bengaluru,Good,899
Bengaluru,Moderate,900
Bengaluru,Good,901
Bengaluru,Moderate,902
Bengaluru,Good,903
Bengaluru,Good,904
Delhi,Unhealthy,1
Delhi,Unhealthy,2
Delhi,Hazardous,3
Delhi,Unhealthy,4
Delhi,Hazardous,5
Delhi,Hazardous,6
Delhi,Hazardous,7
Delhi,Hazardous,8
Delhi,Hazardous,9
Delhi,Hazardous,10
Delhi,Unhealthy,11
Delhi,Unhealthy,12
Delhi,Hazardous,13
Delhi,Unhealthy,14
Delhi,Good,15
Delhi,Unhealthy,16
Delhi,Unhealthy,17
Delhi,Moderate,18
Delhi,Moderate,19
Delhi,Moderate,20
Delhi,Unhealthy,21
Delhi,Unhealthy,22
Delhi,Hazardous,23
Delhi,Hazardous,24
Delhi,Hazardous,25
Delhi,Unhealthy,26
Delhi,Unhealthy,27
Delhi,Unhealthy,28
Delhi,Hazardous,29
Delhi,Unhealthy,30
Delhi,Moderate,31
Delhi,Unhealthy,32
Delhi,Hazardous,33
Delhi,Unhealthy,34
Delhi,Unhealthy,35
Delhi,Moderate,36
Delhi,Moderate,37
Delhi,Unhealthy,38
Delhi,Unhealthy,39
Delhi,Unhealthy,40
Delhi,Unhealthy,41
Delhi,Unhealthy,42
Delhi,Unhealthy,43
Delhi,Moderate,44
Delhi,Unhealthy,45
Delhi,Hazardous,46
Delhi,Hazardous,47
Delhi,Hazardous,48
Delhi,Hazardous,49
Delhi,Unhealthy,50
Delhi,Hazardous,51
Delhi,Unhealthy,52
Delhi,Unhealthy,53
Delhi,Hazardous,54
Delhi,Hazardous,55
Delhi,Unhealthy,56
Delhi,Unhealthy,57
Delhi,Unhealthy,58
Delhi,Unhealthy,59
Delhi,Hazardous,60
Delhi,Unhealthy,61
Delhi,Unhealthy,62
Delhi,Unhealthy,63
Delhi,Hazardous,64
Delhi,Unhealthy,65
Delhi,Hazardous,66
Delhi,Hazardous,67
Delhi,Unhealthy,68
Delhi,Unhealthy,69
Delhi,Moderate,70
Delhi,Unhealthy,71
Delhi,Unhealthy,72
Delhi,Hazardous,73
Delhi,Hazardous,74
Delhi,Hazardous,75
Delhi,Hazardous,76
Delhi,Hazardous,77
Delhi,Hazardous,78
Delhi,Hazardous,79
Delhi,Hazardous,80
Delhi,Hazardous,81
Delhi,Hazardous,82
Delhi,Hazardous,83
Delhi,Hazardous,84
Delhi,Unhealthy,85
Delhi,Unhealthy,86
Delhi,Hazardous,87
Delhi,Unhealthy,88
Delhi,Unhealthy,89
Delhi,Hazardous,90
Delhi,Hazardous,91
Delhi,Unhealthy,92
Delhi,Moderate,93
Delhi,Moderate,94
Delhi,Unhealthy,95
Delhi,Unhealthy,96
Delhi,Moderate,97
Delhi,Hazardous,98
Delhi,Unhealthy,99
Delhi,Unhealthy,100
Delhi,Hazardous,101
Delhi,Unhealthy,102
Delhi,Hazardous,103
Delhi,Unhealthy,104
Delhi,Moderate,105
Delhi,Moderate,106
Delhi,Moderate,107
Delhi,Moderate,108
Delhi,Unhealthy,109
Delhi,Unhealthy,110
Delhi,Moderate,111
Delhi,Unhealthy,112
Delhi,Moderate,113
Delhi,Moderate,114
Delhi,Unhealthy,115
Delhi,Good,116
Delhi,Moderate,117
Delhi,Moderate,118
Delhi,Unhealthy,119
Delhi,Unhealthy,120
Delhi,Unhealthy,121
Delhi,Unhealthy,122
Delhi,Good,123
Delhi,Good,124
Delhi,Good,125
Delhi,Moderate,126
Delhi,Moderate,127
Delhi,Moderate,128
Delhi,Unhealthy,129
Delhi,Unhealthy,130
Delhi,Moderate,131
Delhi,Good,132
Delhi,Good,133
Delhi,Moderate,134
Delhi,Moderate,135
Delhi,Good,136
Delhi,Moderate,137
Delhi,Moderate,138
Delhi,Good,139
Delhi,Unhealthy,140
Delhi,Good,141
Delhi,Good,142
Delhi,Good,143
Delhi,Unhealthy,144
Delhi,Good,145
Delhi,Good,146
Delhi,Good,147
Delhi,Moderate,148
Delhi,Unhealthy,149
Delhi,Moderate,150
Delhi,Moderate,151
Delhi,Unhealthy,152
Delhi,Unhealthy,153
Delhi,Unhealthy,154
Delhi,Unhealthy,155
Delhi,Unhealthy,156
Delhi,Moderate,157
Delhi,Unhealthy,158
Delhi,Moderate,159
Delhi,Unhealthy,160
Delhi,Moderate,161
Delhi,Unhealthy,162
Delhi,Moderate,163
Delhi,Unhealthy,164
Delhi,Hazardous,165
Delhi,Unhealthy,166
Delhi,Moderate,167
Delhi,Unhealthy,168
Delhi,Moderate,169
Delhi,Moderate,170
Delhi,Unhealthy,171
Delhi,Good,172
Delhi,Hazardous,173
Delhi,Hazardous,174
Delhi,Unhealthy,175
Delhi,Moderate,176
Delhi,Moderate,177
Delhi,Moderate,178
Delhi,Hazardous,179
Delhi,Hazardous,180
Delhi,Unhealthy,181
Delhi,Moderate,182
Delhi,Unhealthy,183
Delhi,Unhealthy,184
Delhi,Unhealthy,185
Delhi,Hazardous,186
Delhi,Hazardous,187
Delhi,Hazardous,188
Delhi,Unhealthy,189
Delhi,Unhealthy,190
Delhi,Unhealthy,191
Delhi,Moderate,192
Delhi,Hazardous,193
Delhi,Good,194
Delhi,Moderate,195
Delhi,Moderate,196
Delhi,Good,197
Delhi,Good,198
Delhi,Unhealthy,199
Delhi,Unhealthy,200
Delhi,Good,201
Delhi,Good,202
Delhi,Good,203
Delhi,Good,204
Delhi,Hazardous,205
Delhi,Unhealthy,206
Delhi,Unhealthy,207
Delhi,Unhealthy,208
Delhi,Unhealthy,209
Delhi,Unhealthy,210
Delhi,Unhealthy,211
Delhi,Unhealthy,212
Delhi,Moderate,213
Delhi,Moderate,214
Delhi,Moderate,215
Delhi,Moderate,216
Delhi,Unhealthy,217
Delhi,Unhealthy,218
Delhi,Unhealthy,219
Delhi,Moderate,220
Delhi,Moderate,221
Delhi,Unhealthy,222
Delhi,Moderate,223
Delhi,Good,224
Delhi,Good,225
Delhi,Good,226
Delhi,Good,227
Delhi,Good,228
Delhi,Good,229
Delhi,Unhealthy,230
Delhi,Unhealthy,231
Delhi,Good,232
Delhi,Good,233
Delhi,Hazardous,234
Delhi,Unhealthy,235
Delhi,Moderate,236
Delhi,Unhealthy,237
Delhi,Unhealthy,238
Delhi,Moderate,239
Delhi,Unhealthy,240
Delhi,Unhealthy,241
Delhi,Unhealthy,242
Delhi,Moderate,243
Delhi,Moderate,244
Delhi,Unhealthy,245
Delhi,Unhealthy,246
Delhi,Moderate,247
Delhi,Moderate,248
Delhi,Moderate,249
Delhi,Unhealthy,250
Delhi,Unhealthy,251
Delhi,Unhealthy,252
Delhi,Unhealthy,253
Delhi,Hazardous,254
Delhi,Unhealthy,255
Delhi,Moderate,256
Delhi,Unhealthy,257
Delhi,Moderate,258
Delhi,Good,259
Delhi,Hazardous,260
Delhi,Hazardous,261
Delhi,Hazardous,262
Delhi,Unhealthy,263
Delhi,Moderate,264
Delhi,Good,265
Delhi,Good,266
Delhi,Unhealthy,267
Delhi,Hazardous,268
Delhi,Hazardous,269
Delhi,Moderate,270
Delhi,Unhealthy,271
Delhi,Moderate,272
Delhi,Moderate,273
Delhi,Unhealthy,274
Delhi,Good,275
Delhi,Good,276
Delhi,Unhealthy,277
Delhi,Unhealthy,278
Delhi,Unhealthy,279
Delhi,Hazardous,280
Delhi,Hazardous,281
Delhi,Hazardous,282
Delhi,Good,283
Delhi,Good,284
Delhi,Moderate,285
Delhi,Good,286
Delhi,Good,287
Delhi,Moderate,288
Delhi,Moderate,289
Delhi,Unhealthy,290
Delhi,Unhealthy,291
Delhi,Unhealthy,292
Delhi,Good,293
Delhi,Moderate,294
Delhi,Unhealthy,295
Delhi,Unhealthy,296
Delhi,Unhealthy,297
Delhi,Unhealthy,298
Delhi,Moderate,299
Delhi,Moderate,300
Delhi,Unhealthy,301
Delhi,Moderate,302
Delhi,Unhealthy,303
Delhi,Moderate,304
Delhi,Unhealthy,305
Delhi,Hazardous,306
Delhi,Hazardous,307
Delhi,Moderate,308
Delhi,Moderate,309
Delhi,Hazardous,310
Delhi,Hazardous,311
Delhi,Unhealthy,312
Delhi,Unhealthy,313
Delhi,Unhealthy,314
Delhi,Unhealthy,315
Delhi,Hazardous,316
Delhi,Hazardous,317
Delhi,Unhealthy,318
Delhi,Unhealthy,319
Delhi,Moderate,320
Delhi,Unhealthy,321
Delhi,Hazardous,322
Delhi,Moderate,323
Delhi,Moderate,324
Delhi,Moderate,325
Delhi,Moderate,326
Delhi,Moderate,327
Delhi,Hazardous,328
Delhi,Unhealthy,329
Delhi,Unhealthy,330
Delhi,Unhealthy,331
Delhi,Unhealthy,332
Delhi,Moderate,333
Delhi,Unhealthy,334
Delhi,Unhealthy,335
Delhi,Unhealthy,336
Delhi,Hazardous,337
Delhi,Unhealthy,338
Delhi,Hazardous,339
Delhi,Hazardous,340
Delhi,Hazardous,341
Delhi,Unhealthy,342
Delhi,Unhealthy,343
Delhi,Unhealthy,344
Delhi,Unhealthy,345
Delhi,Hazardous,346
Delhi,Hazardous,347
Delhi,Unhealthy,348
Delhi,Unhealthy,349
Delhi,Unhealthy,350
Delhi,Unhealthy,351
Delhi,Unhealthy,352
Delhi,Unhealthy,353
Delhi,Hazardous,354
Delhi,Hazardous,355
Delhi,Unhealthy,356
Delhi,Unhealthy,357
Delhi,Unhealthy,358
Delhi,Unhealthy,359
Delhi,Hazardous,360
Delhi,Hazardous,361
Delhi,Hazardous,362
Delhi,Hazardous,363
Delhi,Unhealthy,364
Delhi,Hazardous,365
Delhi,Unhealthy,366
Delhi,Unhealthy,367
Delhi,Unhealthy,368
Delhi,Unhealthy,369
Delhi,Hazardous,370
Delhi,Hazardous,371
Delhi,Unhealthy,372
Delhi,Unhealthy,373
Delhi,Moderate,374
Delhi,Unhealthy,375
Delhi,Unhealthy,376
Delhi,Unhealthy,377
Delhi,Unhealthy,378
Delhi,Hazardous,379
Delhi,Hazardous,380
Delhi,Hazardous,381
Delhi,Hazardous,382
Delhi,Unhealthy,383
Delhi,Moderate,384
Delhi,Unhealthy,385
Delhi,Unhealthy,386
Delhi,Hazardous,387
Delhi,Hazardous,388
Delhi,Hazardous,389
Delhi,Hazardous,390
Delhi,Hazardous,391
Delhi,Hazardous,392
Delhi,Hazardous,393
Delhi,Unhealthy,394
Delhi,Hazardous,395
Delhi,Unhealthy,396
Delhi,Unhealthy,397
Delhi,Unhealthy,398
Delhi,Hazardous,399
Delhi,Unhealthy,400
Delhi,Hazardous,401
Delhi,Hazardous,402
Delhi,Unhealthy,403
Delhi,Unhealthy,404
Delhi,Moderate,405
Delhi,Unhealthy,406
Delhi,Moderate,407
Delhi,Unhealthy,408
Delhi,Unhealthy,409
Delhi,Hazardous,410
Delhi,Hazardous,411
Delhi,Unhealthy,412
Delhi,Unhealthy,413
Delhi,Hazardous,414
Delhi,Hazardous,415
Delhi,Unhealthy,416
Delhi,Unhealthy,417
Delhi,Hazardous,418
Delhi,Hazardous,419
Delhi,Unhealthy,420
Delhi,Unhealthy,421
Delhi,Unhealthy,422
Delhi,Unhealthy,423
Delhi,Unhealthy,424
Delhi,Moderate,425
Delhi,Moderate,426
Delhi,Moderate,427
Delhi,Unhealthy,428
Delhi,Hazardous,429
Delhi,Unhealthy,430
Delhi,Hazardous,431
Delhi,Unhealthy,432
Delhi,Unhealthy,433
Delhi,Unhealthy,434
Delhi,Hazardous,435
Delhi,Hazardous,436
Delhi,Hazardous,437
Delhi,Hazardous,438
Delhi,Unhealthy,439
Delhi,Unhealthy,440
Delhi,Unhealthy,441
Delhi,Hazardous,442
Delhi,Hazardous,443
Delhi,Unhealthy,444
Delhi,Unhealthy,445
Delhi,Unhealthy,446
Delhi,Unhealthy,447
Delhi,Unhealthy,448
Delhi,Unhealthy,449
Delhi,Hazardous,450
Delhi,Unhealthy,451
Delhi,Hazardous,452
Delhi,Unhealthy,453
Delhi,Unhealthy,454
Delhi,Good,455
Delhi,Good,456
Delhi,Unhealthy,457
Delhi,Unhealthy,458
Delhi,Unhealthy,459
Delhi,Unhealthy,460
Delhi,Good,461
Delhi,Moderate,462
Delhi,Hazardous,463
Delhi,Hazardous,464
Delhi,Moderate,465
Delhi,Moderate,466
Delhi,Moderate,467
Delhi,Moderate,468
Delhi,Moderate,469
Delhi,Unhealthy,470
Delhi,Unhealthy,471
Delhi,Moderate,472
Delhi,Unhealthy,473
Delhi,Unhealthy,474
Delhi,Hazardous,475
Delhi,Hazardous,476
Delhi,Unhealthy,477
Delhi,Moderate,478
Delhi,Unhealthy,479
Delhi,Hazardous,480
Delhi,Unhealthy,481
Delhi,Moderate,482
Delhi,Moderate,483
Delhi,Unhealthy,484
Delhi,Unhealthy,485
Delhi,Unhealthy,486
Delhi,Unhealthy,487
Delhi,Unhealthy,488
Delhi,Moderate,489
Delhi,Unhealthy,490
Delhi,Unhealthy,491
Delhi,Moderate,492
Delhi,Moderate,493
Delhi,Moderate,494
Delhi,Moderate,495
Delhi,Good,496
Delhi,Moderate,497
Delhi,Moderate,498
Delhi,Good,499
Delhi,Hazardous,500
Delhi,Unhealthy,501
Delhi,Unhealthy,502
Delhi,Moderate,503
Delhi,Moderate,504
Delhi,Moderate,505
Delhi,Moderate,506
Delhi,Moderate,507
Delhi,Moderate,508
Delhi,Moderate,509
Delhi,Good,510
Delhi,Good,511
Delhi,Good,512
Delhi,Moderate,513
Delhi,Moderate,514
Delhi,Moderate,515
Delhi,Moderate,516
Delhi,Good,517
Delhi,Good,518
Delhi,Moderate,519
Delhi,Good,520
Delhi,Unhealthy,521
Delhi,Unhealthy,522
Delhi,Moderate,523
Delhi,Moderate,524
Delhi,Unhealthy,525
Delhi,Moderate,526
Delhi,Moderate,527
Delhi,Moderate,528
Delhi,Unhealthy,529
Delhi,Unhealthy,530
Delhi,Unhealthy,531
Delhi,Moderate,532
Delhi,Hazardous,533
Delhi,Unhealthy,534
Delhi,Unhealthy,535
Delhi,Unhealthy,536
Delhi,Unhealthy,537
Delhi,Unhealthy,538
Delhi,Unhealthy,539
Delhi,Moderate,540
Delhi,Good,541
Delhi,Moderate,542
Delhi,Unhealthy,543
Delhi,Unhealthy,544
Delhi,Moderate,545
Delhi,Unhealthy,546
Delhi,Unhealthy,547
Delhi,Unhealthy,548
Delhi,Hazardous,549
Delhi,Unhealthy,550
Delhi,Unhealthy,551
Delhi,Unhealthy,552
Delhi,Moderate,553
Delhi,Good,554
Delhi,Unhealthy,555
Delhi,Moderate,556
Delhi,Good,557
Delhi,Unhealthy,558
Delhi,Moderate,559
Delhi,Moderate,560
Delhi,Good,561
Delhi,Good,562
Delhi,Good,563
Delhi,Good,564
Delhi,Moderate,565
Delhi,Unhealthy,566
Delhi,Good,567
Delhi,Unhealthy,568
Delhi,Moderate,569
Delhi,Unhealthy,570
Delhi,Moderate,571
Delhi,Good,572
Delhi,Moderate,573
Delhi,Hazardous,574
Delhi,Good,575
Delhi,Good,576
Delhi,Unhealthy,577
Delhi,Good,578
Delhi,Moderate,579
Delhi,Hazardous,580
Delhi,Moderate,581
Delhi,Hazardous,582
Delhi,Hazardous,583
Delhi,Moderate,584
Delhi,Moderate,585
Delhi,Good,586
Delhi,Moderate,587
Delhi,Good,588
Delhi,Moderate,589
Delhi,Unhealthy,590
Delhi,Unhealthy,591
Delhi,Moderate,592
Delhi,Good,593
Delhi,Unhealthy,594
Delhi,Moderate,595
Delhi,Unhealthy,596
Delhi,Unhealthy,597
Delhi,Hazardous,598
Delhi,Unhealthy,599
Delhi,Unhealthy,600
Delhi,Good,601
Delhi,Good,602
Delhi,Moderate,603
Delhi,Moderate,604
Delhi,Moderate,605
Delhi,Unhealthy,606
Delhi,Unhealthy,607
Delhi,Unhealthy,608
Delhi,Good,609
Delhi,Unhealthy,610
Delhi,Unhealthy,611
Delhi,Unhealthy,612
Delhi,Moderate,613
Delhi,Unhealthy,614
Delhi,Hazardous,615
Delhi,Moderate,616
Delhi,Unhealthy,617
Delhi,Unhealthy,618
Delhi,Moderate,619
Delhi,Moderate,620
Delhi,Moderate,621
Delhi,Unhealthy,622
Delhi,Moderate,623
Delhi,Moderate,624
Delhi,Good,625
Delhi,Unhealthy,626
Delhi,Good,627
Delhi,Moderate,628
Delhi,Unhealthy,629
Delhi,Good,630
Delhi,Good,631
Delhi,Good,632
Delhi,Moderate,633
Delhi,Hazardous,634
Delhi,Good,635
Delhi,Good,636
Delhi,Unhealthy,637
Delhi,Unhealthy,638
Delhi,Unhealthy,639
Delhi,Moderate,640
Delhi,Unhealthy,641
Delhi,Unhealthy,642
Delhi,Good,643
Delhi,Good,644
Delhi,Unhealthy,645
Delhi,Moderate,646
Delhi,Moderate,647
Delhi,Unhealthy,648
Delhi,Moderate,649
Delhi,Moderate,650
Delhi,Good,651
Delhi,Moderate,652
Delhi,Good,653
Delhi,Good,654
Delhi,Good,655
Delhi,Hazardous,656
Delhi,Unhealthy,657
Delhi,Hazardous,658
Delhi,Unhealthy,659
Delhi,Unhealthy,660
Delhi,Hazardous,661
Delhi,Good,662
Delhi,Good,663
Delhi,Good,664
Delhi,Unhealthy,665
Delhi,Unhealthy,666
Delhi,Unhealthy,667
Delhi,Unhealthy,668
Delhi,Unhealthy,669
Delhi,Unhealthy,670
Delhi,Hazardous,671
Delhi,Moderate,672
Delhi,Moderate,673
Delhi,Unhealthy,674
Delhi,Good,675
Delhi,Good,676
Delhi,Good,677
Delhi,Good,678
Delhi,Good,679
Delhi,Moderate,680
Delhi,Hazardous,681
Delhi,Unhealthy,682
Delhi,Unhealthy,683
Delhi,Unhealthy,684
Delhi,Unhealthy,685
Delhi,Unhealthy,686
Delhi,Hazardous,687
Delhi,Hazardous,688
Delhi,Hazardous,689
Delhi,Hazardous,690
Delhi,Hazardous,691
Delhi,Unhealthy,692
Delhi,Unhealthy,693
Delhi,Moderate,694
Delhi,Unhealthy,695
Delhi,Hazardous,696
Delhi,Hazardous,697
Delhi,Hazardous,698
Delhi,Hazardous,699
Delhi,Unhealthy,700
Delhi,Hazardous,701
Delhi,Unhealthy,702
Delhi,Unhealthy,703
Delhi,Unhealthy,704
Delhi,Hazardous,705
Delhi,Unhealthy,706
Delhi,Hazardous,707
Delhi,Hazardous,708
Delhi,Hazardous,709
Delhi,Hazardous,710
Delhi,Moderate,711
Delhi,Unhealthy,712
Delhi,Unhealthy,713
Delhi,Hazardous,714
Delhi,Moderate,715
Delhi,Unhealthy,716
Delhi,Moderate,717
Delhi,Moderate,718
Delhi,Unhealthy,719
Delhi,Unhealthy,720
Delhi,Unhealthy,721
Delhi,Moderate,722
Delhi,Moderate,723
Delhi,Moderate,724
Delhi,Unhealthy,725
Delhi,Unhealthy,726
Delhi,Unhealthy,727
Delhi,Unhealthy,728
Delhi,Hazardous,729
Delhi,Unhealthy,730
Delhi,Unhealthy,731
Delhi,Hazardous,732
Delhi,Hazardous,733
Delhi,Unhealthy,734
Delhi,Unhealthy,735
Delhi,Hazardous,736
Delhi,Unhealthy,737
Delhi,Unhealthy,738
Delhi,Unhealthy,739
Delhi,Unhealthy,740
Delhi,Moderate,741
Delhi,Moderate,742
Delhi,Moderate,743
Delhi,Moderate,744
Delhi,Good,745
Delhi,Unhealthy,746
Delhi,Hazardous,747
Delhi,Hazardous,748
Delhi,Unhealthy,749
Delhi,Unhealthy,750
Delhi,Hazardous,751
Delhi,Hazardous,752
Delhi,Hazardous,753
Delhi,Unhealthy,754
Delhi,Hazardous,755
Delhi,Hazardous,756
Delhi,Unhealthy,757
Delhi,Unhealthy,758
Delhi,Unhealthy,759
Delhi,Hazardous,760
Delhi,Unhealthy,761
Delhi,Hazardous,762
Delhi,Hazardous,763
Delhi,Unhealthy,764
Delhi,Unhealthy,765
Delhi,Unhealthy,766
Delhi,Unhealthy,767
Delhi,Unhealthy,768
Delhi,Unhealthy,769
Delhi,Hazardous,770
Delhi,Unhealthy,771
Delhi,Hazardous,772
Delhi,Unhealthy,773
Delhi,Hazardous,774
Delhi,Unhealthy,775
Delhi,Moderate,776
Delhi,Moderate,777
Delhi,Unhealthy,778
Delhi,Unhealthy,779
Delhi,Unhealthy,780
Delhi,Unhealthy,781
Delhi,Unhealthy,782
Delhi,Unhealthy,783
Delhi,Hazardous,784
Delhi,Unhealthy,785
Delhi,Unhealthy,786
Delhi,Moderate,787
Delhi,Moderate,788
Delhi,Hazardous,789
Delhi,Unhealthy,790
Delhi,Hazardous,791
Delhi,Moderate,792
Delhi,Unhealthy,793
Delhi,Unhealthy,794
Delhi,Unhealthy,795
Delhi,Unhealthy,796
Delhi,Hazardous,797
Delhi,Hazardous,798
Delhi,Moderate,799
Delhi,Unhealthy,800
Delhi,Unhealthy,801
Delhi,Hazardous,802
Delhi,Unhealthy,803
Delhi,Moderate,804
Delhi,Moderate,805
Delhi,Unhealthy,806
Delhi,Unhealthy,807
Delhi,Hazardous,808
Delhi,Hazardous,809
Delhi,Hazardous,810
Delhi,Hazardous,811
Delhi,Unhealthy,812
Delhi,Hazardous,813
Delhi,Unhealthy,814
Delhi,Unhealthy,815
Delhi,Unhealthy,816
Delhi,Unhealthy,817
Delhi,Moderate,818
Delhi,Good,819
Delhi,Unhealthy,820
Delhi,Moderate,821
Delhi,Good,822
Delhi,Moderate,823
Delhi,Good,824
Delhi,Moderate,825
Delhi,Unhealthy,826
Delhi,Unhealthy,827
Delhi,Unhealthy,828
Delhi,Unhealthy,829
Delhi,Unhealthy,830
Delhi,Unhealthy,831
Delhi,Unhealthy,832
Delhi,Unhealthy,833
Delhi,Hazardous,834
Delhi,Unhealthy,835
Delhi,Hazardous,836
Delhi,Unhealthy,837
Delhi,Unhealthy,838
Delhi,Hazardous,839
Delhi,Unhealthy,840
Delhi,Unhealthy,841
Delhi,Unhealthy,842
Delhi,Unhealthy,843
Delhi,Unhealthy,844
Delhi,Moderate,845
Delhi,Moderate,846
Delhi,Moderate,847
Delhi,Unhealthy,848
Delhi,Moderate,849
Delhi,Unhealthy,850
Delhi,Unhealthy,851
Delhi,Moderate,852
Delhi,Moderate,853
Delhi,Good,854
Delhi,Good,855
Delhi,Good,856
Delhi,Good,857
Delhi,Good,858
Delhi,Good,859
Delhi,Moderate,860
Delhi,Good,861
Delhi,Unhealthy,862
Delhi,Moderate,863
Delhi,Moderate,864
Delhi,Unhealthy,865
Delhi,Unhealthy,866
Delhi,Hazardous,867
Delhi,Moderate,868
Delhi,Good,869
Delhi,Good,870
Delhi,Good,871
Delhi,Good,872
Delhi,Moderate,873
Delhi,Good,874
Delhi,Unhealthy,875
Delhi,Moderate,876
Delhi,Hazardous,877
Delhi,Unhealthy,878
Delhi,Unhealthy,879
Delhi,Moderate,880
Delhi,Moderate,881
Delhi,Unhealthy,882
Delhi,Hazardous,883
Delhi,Unhealthy,884
Delhi,Unhealthy,885
Delhi,Unhealthy,886
Delhi,Unhealthy,887
Delhi,Moderate,888
Delhi,Good,889
Delhi,Unhealthy,890
Delhi,Unhealthy,891
Delhi,Unhealthy,892
Delhi,Unhealthy,893
Delhi,Hazardous,894
Delhi,Unhealthy,895
Delhi,Good,896
Delhi,Good,897
Delhi,Good,898
Delhi,Moderate,899
Delhi,Unhealthy,900
Delhi,Moderate,901
Delhi,Moderate,902
Delhi,Moderate,903
Delhi,Moderate,904
Kolkata,Unhealthy,1
Kolkata,Hazardous,2
Kolkata,Hazardous,3
Kolkata,Hazardous,4
Kolkata,Hazardous,5
Kolkata,Hazardous,6
Kolkata,Hazardous,7
Kolkata,Hazardous,8
Kolkata,Hazardous,9
Kolkata,Hazardous,10
Kolkata,Hazardous,11
Kolkata,Hazardous,12
Kolkata,Hazardous,13
Kolkata,Hazardous,14
Kolkata,Hazardous,15
Kolkata,Hazardous,16
Kolkata,Hazardous,17
Kolkata,Hazardous,18
Kolkata,Hazardous,19
Kolkata,Unhealthy,20
Kolkata,Hazardous,21
Kolkata,Hazardous,22
Kolkata,Hazardous,23
Kolkata,Hazardous,24
Kolkata,Hazardous,25
Kolkata,Hazardous,26
Kolkata,Hazardous,27
Kolkata,Hazardous,28
Kolkata,Hazardous,29
Kolkata,Hazardous,30
Kolkata,Hazardous,31
Kolkata,Hazardous,32
Kolkata,Unhealthy,33
Kolkata,Hazardous,34
Kolkata,Hazardous,35
Kolkata,Hazardous,36
Kolkata,Hazardous,37
Kolkata,Hazardous,38
Kolkata,Hazardous,39
Kolkata,Hazardous,40
Kolkata,Hazardous,41
Kolkata,Hazardous,42
Kolkata,Hazardous,43
Kolkata,Hazardous,44
Kolkata,Hazardous,45
Kolkata,Unhealthy,46
Kolkata,Hazardous,47
Kolkata,Hazardous,48
Kolkata,Hazardous,49
Kolkata,Hazardous,50
Kolkata,Hazardous,51
Kolkata,Unhealthy,52
Kolkata,Hazardous,53
Kolkata,Hazardous,54
Kolkata,Hazardous,55
Kolkata,Hazardous,56
Kolkata,Hazardous,57
Kolkata,Hazardous,58
Kolkata,Unhealthy,59
Kolkata,Unhealthy,60
Kolkata,Hazardous,61
Kolkata,Hazardous,62
Kolkata,Hazardous,63
Kolkata,Unhealthy,64
Kolkata,Hazardous,65
Kolkata,Hazardous,66
Kolkata,Hazardous,67
Kolkata,Hazardous,68
Kolkata,Hazardous,69
Kolkata,Moderate,70
Kolkata,Unhealthy,71
Kolkata,Hazardous,72
Kolkata,Hazardous,73
Kolkata,Hazardous,74
Kolkata,Hazardous,75
Kolkata,Hazardous,76
Kolkata,Hazardous,77
Kolkata,Unhealthy,78
Kolkata,Hazardous,79
Kolkata,Hazardous,80
Kolkata,Hazardous,81
Kolkata,Hazardous,82
Kolkata,Unhealthy,83
Kolkata,Hazardous,84
Kolkata,Hazardous,85
Kolkata,Hazardous,86
Kolkata,Unhealthy,87
Kolkata,Hazardous,88
Kolkata,Unhealthy,89
Kolkata,Unhealthy,90
Kolkata,Unhealthy,91
Kolkata,Unhealthy,92
Kolkata,Hazardous,93
Kolkata,Unhealthy,94
Kolkata,Hazardous,95
Kolkata,Unhealthy,96
Kolkata,Moderate,97
Kolkata,Hazardous,98
Kolkata,Hazardous,99
Kolkata,Moderate,100
Kolkata,Moderate,101
Kolkata,Unhealthy,102
Kolkata,Hazardous,103
Kolkata,Hazardous,104
Kolkata,Unhealthy,105
Kolkata,Hazardous,106
Kolkata,Unhealthy,107
Kolkata,Hazardous,108
Kolkata,Hazardous,109
Kolkata,Unhealthy,110
Kolkata,Hazardous,111
Kolkata,Hazardous,112
Kolkata,Hazardous,113
Kolkata,Hazardous,114
Kolkata,Unhealthy,115
Kolkata,Hazardous,116
Kolkata,Hazardous,117
Kolkata,Unhealthy,118
Kolkata,Unhealthy,119
Kolkata,Unhealthy,120
Kolkata,Unhealthy,121
Kolkata,Unhealthy,122
Kolkata,Unhealthy,123
Kolkata,Good,124
Kolkata,Good,125
Kolkata,Moderate,126
Kolkata,Unhealthy,127
Kolkata,Unhealthy,128
Kolkata,Moderate,129
Kolkata,Good,130
Kolkata,Moderate,131
Kolkata,Moderate,132
Kolkata,Moderate,133
Kolkata,Moderate,134
Kolkata,Moderate,135
Kolkata,Good,136
Kolkata,Good,137
Kolkata,Moderate,138
Kolkata,Unhealthy,139
Kolkata,Moderate,140
Kolkata,Good,141
Kolkata,Good,142
Kolkata,Good,143
Kolkata,Moderate,144
Kolkata,Hazardous,145
Kolkata,Unhealthy,146
Kolkata,Moderate,147
Kolkata,Moderate,148
Kolkata,Moderate,149
Kolkata,Moderate,150
Kolkata,Moderate,151
Kolkata,Moderate,152
Kolkata,Moderate,153
Kolkata,Moderate,154
Kolkata,Good,155
Kolkata,Moderate,156
Kolkata,Unhealthy,157
Kolkata,Moderate,158
Kolkata,Good,159
Kolkata,Good,160
Kolkata,Moderate,161
Kolkata,Good,162
Kolkata,Moderate,163
Kolkata,Moderate,164
Kolkata,Moderate,165
Kolkata,Unhealthy,166
Kolkata,Moderate,167
Kolkata,Good,168
Kolkata,Good,169
Kolkata,Good,170
Kolkata,Good,171
Kolkata,Good,172
Kolkata,Good,173
Kolkata,Good,174
Kolkata,Good,175
Kolkata,Hazardous,176
Kolkata,Good,177
Kolkata,Good,178
Kolkata,Moderate,179
Kolkata,Good,180
Kolkata,Moderate,181
Kolkata,Good,182
Kolkata,Good,183
Kolkata,Moderate,184
Kolkata,Moderate,185
Kolkata,Moderate,186
Kolkata,Moderate,187
Kolkata,Moderate,188
Kolkata,Good,189
Kolkata,Good,190
Kolkata,Good,191
Kolkata,Moderate,192
Kolkata,Unhealthy,193
Kolkata,Good,194
Kolkata,Moderate,195
Kolkata,Good,196
Kolkata,Unhealthy,197
Kolkata,Moderate,198
Kolkata,Moderate,199
Kolkata,Good,200
Kolkata,Moderate,201
Kolkata,Moderate,202
Kolkata,Good,203
Kolkata,Unhealthy,204
Kolkata,Unhealthy,205
Kolkata,Moderate,206
Kolkata,Good,207
Kolkata,Moderate,208
Kolkata,Moderate,209
Kolkata,Good,210
Kolkata,Good,211
Kolkata,Good,212
Kolkata,Good,213
Kolkata,Good,214
Kolkata,Good,215
Kolkata,Moderate,216
Kolkata,Moderate,217
Kolkata,Unhealthy,218
Kolkata,Unhealthy,219
Kolkata,Moderate,220
Kolkata,Moderate,221
Kolkata,Moderate,222
Kolkata,Moderate,223
Kolkata,Good,224
Kolkata,Good,225
Kolkata,Good,226
Kolkata,Good,227
Kolkata,Good,228
Kolkata,Good,229
Kolkata,Moderate,230
Kolkata,Good,231
Kolkata,Good,232
Kolkata,Good,233
Kolkata,Unhealthy,234
Kolkata,Hazardous,235
Kolkata,Good,236
Kolkata,Good,237
Kolkata,Moderate,238
Kolkata,Unhealthy,239
Kolkata,Moderate,240
Kolkata,Moderate,241
Kolkata,Moderate,242
Kolkata,Good,243
Kolkata,Good,244
Kolkata,Good,245
Kolkata,Good,246
Kolkata,Moderate,247
Kolkata,Unhealthy,248
Kolkata,Unhealthy,249
Kolkata,Unhealthy,250
Kolkata,Moderate,251
Kolkata,Good,252
Kolkata,Moderate,253
Kolkata,Moderate,254
Kolkata,Moderate,255
Kolkata,Moderate,256
Kolkata,Moderate,257
Kolkata,Moderate,258
Kolkata,Moderate,259
Kolkata,Good,260
Kolkata,Good,261
Kolkata,Good,262
Kolkata,Good,263
Kolkata,Good,264
Kolkata,Good,265
Kolkata,Good,266
Kolkata,Good,267
Kolkata,Moderate,268
Kolkata,Unhealthy,269
Kolkata,Moderate,270
Kolkata,Unhealthy,271
Kolkata,Moderate,272
Kolkata,Good,273
Kolkata,Good,274
Kolkata,Good,275
Kolkata,Unhealthy,276
Kolkata,Moderate,277
Kolkata,Moderate,278
Kolkata,Unhealthy,279
Kolkata,Moderate,280
Kolkata,Moderate,281
Kolkata,Good,282
Kolkata,Good,283
Kolkata,Moderate,284
Kolkata,Hazardous,285
Kolkata,Moderate,286
Kolkata,Good,287
Kolkata,Good,288
Kolkata,Good,289
Kolkata,Good,290
Kolkata,Unhealthy,291
Kolkata,Unhealthy,292
Kolkata,Unhealthy,293
Kolkata,Unhealthy,294
Kolkata,Unhealthy,295
Kolkata,Good,296
Kolkata,Good,297
Kolkata,Good,298
Kolkata,Unhealthy,299
Kolkata,Unhealthy,300
Kolkata,Good,301
Kolkata,Good,302
Kolkata,Good,303
Kolkata,Good,304
Kolkata,Good,305
Kolkata,Moderate,306
Kolkata,Moderate,307
Kolkata,Good,308
Kolkata,Good,309
Kolkata,Good,310
Kolkata,Moderate,311
Kolkata,Moderate,312
Kolkata,Unhealthy,313
Kolkata,Hazardous,314
Kolkata,Hazardous,315
Kolkata,Hazardous,316
Kolkata,Hazardous,317
Kolkata,Hazardous,318
Kolkata,Hazardous,319
Kolkata,Hazardous,320
Kolkata,Hazardous,321
Kolkata,Moderate,322
Kolkata,Good,323
Kolkata,Good,324
Kolkata,Good,325
Kolkata,Unhealthy,326
Kolkata,Hazardous,327
Kolkata,Hazardous,328
Kolkata,Hazardous,329
Kolkata,Hazardous,330
Kolkata,Hazardous,331
Kolkata,Hazardous,332
Kolkata,Unhealthy,333
Kolkata,Unhealthy,334
Kolkata,Unhealthy,335
Kolkata,Unhealthy,336
Kolkata,Hazardous,337
Kolkata,Hazardous,338
Kolkata,Hazardous,339
Kolkata,Hazardous,340
Kolkata,Hazardous,341
Kolkata,Hazardous,342
Kolkata,Hazardous,343
Kolkata,Hazardous,344
Kolkata,Hazardous,345
Kolkata,Hazardous,346
Kolkata,Hazardous,347
Kolkata,Hazardous,348
Kolkata,Unhealthy,349
Kolkata,Hazardous,350
Kolkata,Hazardous,351
Kolkata,Hazardous,352
Kolkata,Hazardous,353
Kolkata,Unhealthy,354
Kolkata,Hazardous,355
Kolkata,Hazardous,356
Kolkata,Hazardous,357
Kolkata,Hazardous,358
Kolkata,Hazardous,359
Kolkata,Hazardous,360
Kolkata,Hazardous,361
Kolkata,Hazardous,362
Kolkata,Hazardous,363
Kolkata,Hazardous,364
Kolkata,Hazardous,365
Kolkata,Hazardous,366
Kolkata,Hazardous,367
Kolkata,Hazardous,368
Kolkata,Hazardous,369
Kolkata,Unhealthy,370
Kolkata,Moderate,371
Kolkata,Good,372
Kolkata,Unhealthy,373
Kolkata,Hazardous,374
Kolkata,Unhealthy,375
Kolkata,Hazardous,376
Kolkata,Hazardous,377
Kolkata,Unhealthy,378
Kolkata,Hazardous,379
Kolkata,Hazardous,380
Kolkata,Hazardous,381
Kolkata,Hazardous,382
Kolkata,Hazardous,383
Kolkata,Hazardous,384
Kolkata,Hazardous,385
Kolkata,Unhealthy,386
Kolkata,Hazardous,387
Kolkata,Hazardous,388
Kolkata,Hazardous,389
Kolkata,Hazardous,390
Kolkata,Hazardous,391
Kolkata,Hazardous,392
Kolkata,Hazardous,393
Kolkata,Hazardous,394
Kolkata,Hazardous,395
Kolkata,Unhealthy,396
Kolkata,Unhealthy,397
Kolkata,Unhealthy,398
Kolkata,Unhealthy,399
Kolkata,Hazardous,400
Kolkata,Hazardous,401
Kolkata,Hazardous,402
Kolkata,Hazardous,403
Kolkata,Hazardous,404
Kolkata,Hazardous,405
Kolkata,Hazardous,406
Kolkata,Hazardous,407
Kolkata,Hazardous,408
Kolkata,Unhealthy,409
Kolkata,Hazardous,410
Kolkata,Hazardous,411
Kolkata,Hazardous,412
Kolkata,Unhealthy,413
Kolkata,Unhealthy,414
Kolkata,Hazardous,415
Kolkata,Hazardous,416
Kolkata,Hazardous,417
Kolkata,Hazardous,418
Kolkata,Hazardous,419
Kolkata,Unhealthy,420
Kolkata,Unhealthy,421
Kolkata,Hazardous,422
Kolkata,Hazardous,423
Kolkata,Hazardous,424
Kolkata,Unhealthy,425
Kolkata,Hazardous,426
Kolkata,Hazardous,427
Kolkata,Hazardous,428
Kolkata,Hazardous,429
Kolkata,Hazardous,430
Kolkata,Hazardous,431
Kolkata,Moderate,432
Kolkata,Moderate,433
Kolkata,Hazardous,434
Kolkata,Hazardous,435
Kolkata,Hazardous,436
Kolkata,Hazardous,437
Kolkata,Unhealthy,438
Kolkata,Hazardous,439
Kolkata,Hazardous,440
Kolkata,Hazardous,441
Kolkata,Hazardous,442
Kolkata,Hazardous,443
Kolkata,Hazardous,444
Kolkata,Hazardous,445
Kolkata,Hazardous,446
Kolkata,Hazardous,447
Kolkata,Unhealthy,448
Kolkata,Unhealthy,449
Kolkata,Unhealthy,450
Kolkata,Hazardous,451
Kolkata,Hazardous,452
Kolkata,Unhealthy,453
Kolkata,Unhealthy,454
Kolkata,Hazardous,455
Kolkata,Unhealthy,456
Kolkata,Hazardous,457
Kolkata,Hazardous,458
Kolkata,Hazardous,459
Kolkata,Hazardous,460
Kolkata,Hazardous,461
Kolkata,Hazardous,462
Kolkata,Unhealthy,463
Kolkata,Hazardous,464
Kolkata,Hazardous,465
Kolkata,Hazardous,466
Kolkata,Hazardous,467
Kolkata,Hazardous,468
Kolkata,Unhealthy,469
Kolkata,Hazardous,470
Kolkata,Hazardous,471
Kolkata,Unhealthy,472
Kolkata,Unhealthy,473
Kolkata,Unhealthy,474
Kolkata,Unhealthy,475
Kolkata,Moderate,476
Kolkata,Moderate,477
Kolkata,Moderate,478
Kolkata,Moderate,479
Kolkata,Moderate,480
Kolkata,Good,481
Kolkata,Good,482
Kolkata,Moderate,483
Kolkata,Moderate,484
Kolkata,Good,485
Kolkata,Good,486
Kolkata,Good,487
Kolkata,Good,488
Kolkata,Good,489
Kolkata,Good,490
Kolkata,Good,491
Kolkata,Good,492
Kolkata,Good,493
Kolkata,Good,494
Kolkata,Good,495
Kolkata,Good,496
Kolkata,Good,497
Kolkata,Good,498
Kolkata,Good,499
Kolkata,Good,500
Kolkata,Good,501
Kolkata,Good,502
Kolkata,Good,503
Kolkata,Good,504
Kolkata,Good,505
Kolkata,Good,506
Kolkata,Good,507
Kolkata,Good,508
Kolkata,Good,509
Kolkata,Good,510
Kolkata,Good,511
Kolkata,Good,512
Kolkata,Good,513
Kolkata,Good,514
Kolkata,Moderate,515
Kolkata,Moderate,516
Kolkata,Moderate,517
Kolkata,Good,518
Kolkata,Good,519
Kolkata,Moderate,520
Kolkata,Moderate,521
Kolkata,Unhealthy,522
Kolkata,Unhealthy,523
Kolkata,Moderate,524
Kolkata,Unhealthy,525
Kolkata,Good,526
Kolkata,Good,527
Kolkata,Good,528
Kolkata,Good,529
Kolkata,Good,530
Kolkata,Good,531
Kolkata,Good,532
Kolkata,Good,533
Kolkata,Good,534
Kolkata,Good,535
Kolkata,Good,536
Kolkata,Good,537
Kolkata,Good,538
Kolkata,Moderate,539
Kolkata,Moderate,540
Kolkata,Unhealthy,541
Kolkata,Moderate,542
Kolkata,Unhealthy,543
Kolkata,Moderate,544
Kolkata,Unhealthy,545
Kolkata,Unhealthy,546
Kolkata,Unhealthy,547
Kolkata,Moderate,548
Kolkata,Moderate,549
Kolkata,Moderate,550
Kolkata,Moderate,551
Kolkata,Moderate,552
Kolkata,Good,553
Kolkata,Good,554
Kolkata,Good,555
Kolkata,Moderate,556
Kolkata,Moderate,557
Kolkata,Good,558
Kolkata,Moderate,559
Kolkata,Moderate,560
Kolkata,Good,561
Kolkata,Good,562
Kolkata,Good,563
Kolkata,Good,564
Kolkata,Good,565
Kolkata,Good,566
Kolkata,Good,567
Kolkata,Good,568
Kolkata,Moderate,569
Kolkata,Unhealthy,570
Kolkata,Moderate,571
Kolkata,Good,572
Kolkata,Moderate,573
Kolkata,Good,574
Kolkata,Good,575
Kolkata,Good,576
Kolkata,Good,577
Kolkata,Good,578
Kolkata,Moderate,579
Kolkata,Unhealthy,580
Kolkata,Unhealthy,581
Kolkata,Good,582
Kolkata,Moderate,583
Kolkata,Good,584
Kolkata,Good,585
Kolkata,Good,586
Kolkata,Good,587
Kolkata,Good,588
Kolkata,Good,589
Kolkata,Good,590
Kolkata,Good,591
Kolkata,Good,592
Kolkata,Good,593
Kolkata,Good,594
Kolkata,Good,595
Kolkata,Good,596
Kolkata,Good,597
Kolkata,Moderate,598
Kolkata,Moderate,599
Kolkata,Good,600
Kolkata,Good,601
Kolkata,Good,602
Kolkata,Moderate,603
Kolkata,Moderate,604
Kolkata,Moderate,605
Kolkata,Moderate,606
Kolkata,Good,607
Kolkata,Good,608
Kolkata,Good,609
Kolkata,Hazardous,610
Kolkata,Hazardous,611
Kolkata,Moderate,612
Kolkata,Moderate,613
Kolkata,Unhealthy,614
Kolkata,Good,615
Kolkata,Good,616
Kolkata,Good,617
Kolkata,Good,618
Kolkata,Moderate,619
Kolkata,Unhealthy,620
Kolkata,Hazardous,621
Kolkata,Good,622
Kolkata,Good,623
Kolkata,Good,624
Kolkata,Unhealthy,625
Kolkata,Unhealthy,626
Kolkata,Moderate,627
Kolkata,Good,628
Kolkata,Good,629
Kolkata,Moderate,630
Kolkata,Unhealthy,631
Kolkata,Hazardous,632
Kolkata,Unhealthy,633
Kolkata,Unhealthy,634
Kolkata,Moderate,635
Kolkata,Good,636
Kolkata,Moderate,637
Kolkata,Moderate,638
Kolkata,Moderate,639
Kolkata,Good,640
Kolkata,Good,641
Kolkata,Good,642
Kolkata,Moderate,643
Kolkata,Good,644
Kolkata,Moderate,645
Kolkata,Unhealthy,646
Kolkata,Moderate,647
Kolkata,Moderate,648
Kolkata,Moderate,649
Kolkata,Good,650
Kolkata,Good,651
Kolkata,Good,652
Kolkata,Good,653
Kolkata,Unhealthy,654
Kolkata,Unhealthy,655
Kolkata,Unhealthy,656
Kolkata,Unhealthy,657
Kolkata,Hazardous,658
Kolkata,Good,659
Kolkata,Good,660
Kolkata,Moderate,661
Kolkata,Unhealthy,662
Kolkata,Moderate,663
Kolkata,Moderate,664
Kolkata,Unhealthy,665
Kolkata,Hazardous,666
Kolkata,Hazardous,667
Kolkata,Hazardous,668
Kolkata,Hazardous,669
Kolkata,Hazardous,670
Kolkata,Hazardous,671
Kolkata,Unhealthy,672
Kolkata,Good,673
Kolkata,Good,674
Kolkata,Unhealthy,675
Kolkata,Unhealthy,676
Kolkata,Hazardous,677
Kolkata,Unhealthy,678
Kolkata,Unhealthy,679
Kolkata,Good,680
Kolkata,Moderate,681
Kolkata,Unhealthy,682
Kolkata,Hazardous,683
Kolkata,Hazardous,684
Kolkata,Hazardous,685
Kolkata,Unhealthy,686
Kolkata,Hazardous,687
Kolkata,Hazardous,688
Kolkata,Hazardous,689
Kolkata,Unhealthy,690
Kolkata,Unhealthy,691
Kolkata,Moderate,692
Kolkata,Moderate,693
Kolkata,Good,694
Kolkata,Unhealthy,695
Kolkata,Hazardous,696
Kolkata,Hazardous,697
Kolkata,Hazardous,698
Kolkata,Hazardous,699
Kolkata,Hazardous,700
Kolkata,Hazardous,701
Kolkata,Hazardous,702
Kolkata,Hazardous,703
Kolkata,Hazardous,704
Kolkata,Hazardous,705
Kolkata,Hazardous,706
Kolkata,Hazardous,707
Kolkata,Hazardous,708
Kolkata,Hazardous,709
Kolkata,Hazardous,710
Kolkata,Hazardous,711
Kolkata,Hazardous,712
Kolkata,Hazardous,713
Kolkata,Hazardous,714
Kolkata,Hazardous,715
Kolkata,Hazardous,716
Kolkata,Hazardous,717
Kolkata,Hazardous,718
Kolkata,Unhealthy,719
Kolkata,Unhealthy,720
Kolkata,Hazardous,721
Kolkata,Hazardous,722
Kolkata,Hazardous,723
Kolkata,Hazardous,724
Kolkata,Hazardous,725
Kolkata,Hazardous,726
Kolkata,Hazardous,727
Kolkata,Hazardous,728
Kolkata,Hazardous,729
Kolkata,Hazardous,730
Kolkata,Hazardous,731
Kolkata,Hazardous,732
Kolkata,Hazardous,733
Kolkata,Hazardous,734
Kolkata,Hazardous,735
Kolkata,Hazardous,736
Kolkata,Hazardous,737
Kolkata,Hazardous,738
Kolkata,Hazardous,739
Kolkata,Hazardous,740
Kolkata,Hazardous,741
Kolkata,Hazardous,742
Kolkata,Hazardous,743
Kolkata,Hazardous,744
Kolkata,Hazardous,745
Kolkata,Hazardous,746
Kolkata,Hazardous,747
Kolkata,Hazardous,748
Kolkata,Hazardous,749
Kolkata,Hazardous,750
Kolkata,Hazardous,751
Kolkata,Hazardous,752
Kolkata,Hazardous,753
Kolkata,Hazardous,754
Kolkata,Hazardous,755
Kolkata,Unhealthy,756
Kolkata,Hazardous,757
Kolkata,Unhealthy,758
Kolkata,Hazardous,759
Kolkata,Hazardous,760
Kolkata,Hazardous,761
Kolkata,Hazardous,762
Kolkata,Unhealthy,763
Kolkata,Unhealthy,764
Kolkata,Hazardous,765
Kolkata,Unhealthy,766
Kolkata,Unhealthy,767
Kolkata,Hazardous,768
Kolkata,Hazardous,769
Kolkata,Hazardous,770
Kolkata,Hazardous,771
Kolkata,Hazardous,772
Kolkata,Hazardous,773
Kolkata,Hazardous,774
Kolkata,Hazardous,775
Kolkata,Unhealthy,776
Kolkata,Hazardous,777
Kolkata,Hazardous,778
Kolkata,Unhealthy,779
Kolkata,Hazardous,780
Kolkata,Hazardous,781
Kolkata,Hazardous,782
Kolkata,Hazardous,783
Kolkata,Hazardous,784
Kolkata,Hazardous,785
Kolkata,Hazardous,786
Kolkata,Hazardous,787
Kolkata,Hazardous,788
Kolkata,Hazardous,789
Kolkata,Hazardous,790
Kolkata,Hazardous,791
Kolkata,Hazardous,792
Kolkata,Unhealthy,793
Kolkata,Hazardous,794
Kolkata,Hazardous,795
Kolkata,Hazardous,796
Kolkata,Hazardous,797
Kolkata,Unhealthy,798
Kolkata,Unhealthy,799
Kolkata,Hazardous,800
Kolkata,Hazardous,801
Kolkata,Hazardous,802
Kolkata,Unhealthy,803
Kolkata,Moderate,804
Kolkata,Hazardous,805
Kolkata,Hazardous,806
Kolkata,Hazardous,807
Kolkata,Hazardous,808
Kolkata,Unhealthy,809
Kolkata,Unhealthy,810
Kolkata,Unhealthy,811
Kolkata,Unhealthy,812
Kolkata,Unhealthy,813
Kolkata,Moderate,814
Kolkata,Unhealthy,815
Kolkata,Hazardous,816
Kolkata,Hazardous,817
Kolkata,Unhealthy,818
Kolkata,Hazardous,819
Kolkata,Unhealthy,820
Kolkata,Hazardous,821
Kolkata,Hazardous,822
Kolkata,Unhealthy,823
Kolkata,Hazardous,824
Kolkata,Unhealthy,825
Kolkata,Hazardous,826
Kolkata,Hazardous,827
Kolkata,Hazardous,828
Kolkata,Unhealthy,829
Kolkata,Unhealthy,830
Kolkata,Hazardous,831
Kolkata,Hazardous,832
Kolkata,Hazardous,833
Kolkata,Unhealthy,834
Kolkata,Unhealthy,835
Kolkata,Hazardous,836
Kolkata,Unhealthy,837
Kolkata,Moderate,838
Kolkata,Unhealthy,839
Kolkata,Hazardous,840
Kolkata,Hazardous,841
Kolkata,Unhealthy,842
Kolkata,Unhealthy,843
Kolkata,Moderate,844
Kolkata,Unhealthy,845
Kolkata,Unhealthy,846
Kolkata,Unhealthy,847
Kolkata,Good,848
Kolkata,Good,849
Kolkata,Moderate,850
Kolkata,Good,851
Kolkata,Unhealthy,852
Kolkata,Unhealthy,853
Kolkata,Good,854
Kolkata,Hazardous,855
Kolkata,Unhealthy,856
Kolkata,Hazardous,857
Kolkata,Unhealthy,858
Kolkata,Unhealthy,859
Kolkata,Unhealthy,860
Kolkata,Unhealthy,861
Kolkata,Hazardous,862
Kolkata,Unhealthy,863
Kolkata,Unhealthy,864
Kolkata,Unhealthy,865
Kolkata,Unhealthy,866
Kolkata,Moderate,867
Kolkata,Moderate,868
Kolkata,Moderate,869
Kolkata,Unhealthy,870
Kolkata,Unhealthy,871
Kolkata,Unhealthy,872
Kolkata,Unhealthy,873
Kolkata,Hazardous,874
Kolkata,Unhealthy,875
Kolkata,Unhealthy,876
Kolkata,Hazardous,877
Kolkata,Unhealthy,878
Kolkata,Unhealthy,879
Kolkata,Hazardous,880
Kolkata,Hazardous,881
Kolkata,Moderate,882
Kolkata,Moderate,883
Kolkata,Moderate,884
Kolkata,Moderate,885
Kolkata,Unhealthy,886
Kolkata,Moderate,887
Kolkata,Unhealthy,888
Kolkata,Moderate,889
Kolkata,Good,890
Kolkata,Moderate,891
Kolkata,Good,892
Kolkata,Moderate,893
Kolkata,Hazardous,894
Kolkata,Moderate,895
Kolkata,Moderate,896
Kolkata,Moderate,897
Kolkata,Good,898
Kolkata,Good,899
Kolkata,Good,900
Kolkata,Good,901
Kolkata,Good,902
Kolkata,Moderate,903
Kolkata,Unhealthy,904
Mumbai,Hazardous,1
Mumbai,Unhealthy,2
Mumbai,Unhealthy,3
Mumbai,Hazardous,4
Mumbai,Unhealthy,5
Mumbai,Hazardous,6
Mumbai,Unhealthy,7
Mumbai,Unhealthy,8
Mumbai,Unhealthy,9
Mumbai,Unhealthy,10
Mumbai,Hazardous,11
Mumbai,Hazardous,12
Mumbai,Unhealthy,13
Mumbai,Moderate,14
Mumbai,Unhealthy,15
Mumbai,Unhealthy,16
Mumbai,Unhealthy,17
Mumbai,Unhealthy,18
Mumbai,Unhealthy,19
Mumbai,Unhealthy,20
Mumbai,Unhealthy,21
Mumbai,Unhealthy,22
Mumbai,Unhealthy,23
Mumbai,Unhealthy,24
Mumbai,Hazardous,25
Mumbai,Hazardous,26
Mumbai,Hazardous,27
Mumbai,Hazardous,28
Mumbai,Unhealthy,29
Mumbai,Moderate,30
Mumbai,Unhealthy,31
Mumbai,Unhealthy,32
Mumbai,Unhealthy,33
Mumbai,Hazardous,34
Mumbai,Unhealthy,35
Mumbai,Unhealthy,36
Mumbai,Unhealthy,37
Mumbai,Unhealthy,38
Mumbai,Unhealthy,39
Mumbai,Unhealthy,40
Mumbai,Unhealthy,41
Mumbai,Unhealthy,42
Mumbai,Unhealthy,43
Mumbai,Unhealthy,44
Mumbai,Unhealthy,45
Mumbai,Hazardous,46
Mumbai,Unhealthy,47
Mumbai,Unhealthy,48
Mumbai,Unhealthy,49
Mumbai,Unhealthy,50
Mumbai,Unhealthy,51
Mumbai,Unhealthy,52
Mumbai,Hazardous,53
Mumbai,Hazardous,54
Mumbai,Hazardous,55
Mumbai,Hazardous,56
Mumbai,Unhealthy,57
Mumbai,Unhealthy,58
Mumbai,Unhealthy,59
Mumbai,Unhealthy,60
Mumbai,Unhealthy,61
Mumbai,Unhealthy,62
Mumbai,Unhealthy,63
Mumbai,Hazardous,64
Mumbai,Unhealthy,65
Mumbai,Hazardous,66
Mumbai,Hazardous,67
Mumbai,Unhealthy,68
Mumbai,Unhealthy,69
Mumbai,Moderate,70
Mumbai,Unhealthy,71
Mumbai,Unhealthy,72
Mumbai,Hazardous,73
Mumbai,Hazardous,74
Mumbai,Hazardous,75
Mumbai,Hazardous,76
Mumbai,Hazardous,77
Mumbai,Unhealthy,78
Mumbai,Unhealthy,79
Mumbai,Moderate,80
Mumbai,Unhealthy,81
Mumbai,Unhealthy,82
Mumbai,Hazardous,83
Mumbai,Unhealthy,84
Mumbai,Unhealthy,85
Mumbai,Hazardous,86
Mumbai,Hazardous,87
Mumbai,Hazardous,88
Mumbai,Unhealthy,89
Mumbai,Moderate,90
Mumbai,Moderate,91
Mumbai,Unhealthy,92
Mumbai,Moderate,93
Mumbai,Moderate,94
Mumbai,Unhealthy,95
Mumbai,Unhealthy,96
Mumbai,Unhealthy,97
Mumbai,Moderate,98
Mumbai,Unhealthy,99
Mumbai,Unhealthy,100
Mumbai,Hazardous,101
Mumbai,Unhealthy,102
Mumbai,Unhealthy,103
Mumbai,Unhealthy,104
Mumbai,Unhealthy,105
Mumbai,Unhealthy,106
Mumbai,Unhealthy,107
Mumbai,Unhealthy,108
Mumbai,Unhealthy,109
Mumbai,Unhealthy,110
Mumbai,Moderate,111
Mumbai,Moderate,112
Mumbai,Unhealthy,113
Mumbai,Unhealthy,114
Mumbai,Unhealthy,115
Mumbai,Unhealthy,116
Mumbai,Moderate,117
Mumbai,Unhealthy,118
Mumbai,Hazardous,119
Mumbai,Moderate,120
Mumbai,Unhealthy,121
Mumbai,Moderate,122
Mumbai,Moderate,123
Mumbai,Unhealthy,124
Mumbai,Unhealthy,125
Mumbai,Moderate,126
Mumbai,Unhealthy,127
Mumbai,Unhealthy,128
Mumbai,Unhealthy,129
Mumbai,Unhealthy,130
Mumbai,Moderate,131
Mumbai,Moderate,132
Mumbai,Moderate,133
Mumbai,Unhealthy,134
Mumbai,Moderate,135
Mumbai,Moderate,136
Mumbai,Unhealthy,137
Mumbai,Moderate,138
Mumbai,Good,139
Mumbai,Good,140
Mumbai,Good,141
Mumbai,Moderate,142
Mumbai,Moderate,143
Mumbai,Moderate,144
Mumbai,Unhealthy,145
Mumbai,Moderate,146
Mumbai,Unhealthy,147
Mumbai,Moderate,148
Mumbai,Moderate,149
Mumbai,Unhealthy,150
Mumbai,Moderate,151
Mumbai,Moderate,152
Mumbai,Good,153
Mumbai,Moderate,154
Mumbai,Moderate,155
Mumbai,Moderate,156
Mumbai,Good,157
Mumbai,Good,158
Mumbai,Moderate,159
Mumbai,Moderate,160
Mumbai,Good,161
Mumbai,Good,162
Mumbai,Good,163
Mumbai,Good,164
Mumbai,Good,165
Mumbai,Moderate,166
Mumbai,Moderate,167
Mumbai,Unhealthy,168
Mumbai,Good,169
Mumbai,Good,170
Mumbai,Good,171
Mumbai,Good,172
Mumbai,Moderate,173
Mumbai,Moderate,174
Mumbai,Good,175
Mumbai,Moderate,176
Mumbai,Good,177
Mumbai,Good,178
Mumbai,Good,179
Mumbai,Good,180
Mumbai,Good,181
Mumbai,Good,182
Mumbai,Good,183
Mumbai,Good,184
Mumbai,Good,185
Mumbai,Good,186
Mumbai,Good,187
Mumbai,Good,188
Mumbai,Good,189
Mumbai,Good,190
Mumbai,Good,191
Mumbai,Good,192
Mumbai,Good,193
Mumbai,Good,194
Mumbai,Good,195
Mumbai,Good,196
Mumbai,Good,197
Mumbai,Good,198
Mumbai,Good,199
Mumbai,Good,200
Mumbai,Good,201
Mumbai,Good,202
Mumbai,Good,203
Mumbai,Good,204
Mumbai,Good,205
Mumbai,Good,206
Mumbai,Good,207
Mumbai,Good,208
Mumbai,Good,209
Mumbai,Good,210
Mumbai,Good,211
Mumbai,Good,212
Mumbai,Good,213
Mumbai,Good,214
Mumbai,Good,215
Mumbai,Good,216
Mumbai,Good,217
Mumbai,Good,218
Mumbai,Good,219
Mumbai,Moderate,220
Mumbai,Good,221
Mumbai,Good,222
Mumbai,Good,223
Mumbai,Good,224
Mumbai,Good,225
Mumbai,Good,226
Mumbai,Good,227
Mumbai,Good,228
Mumbai,Good,229
Mumbai,Good,230
Mumbai,Good,231
Mumbai,Good,232
Mumbai,Good,233
Mumbai,Good,234
Mumbai,Good,235
Mumbai,Good,236
Mumbai,Good,237
Mumbai,Good,238
Mumbai,Good,239
Mumbai,Good,240
Mumbai,Good,241
Mumbai,Good,242
Mumbai,Good,243
Mumbai,Good,244
Mumbai,Good,245
Mumbai,Good,246
Mumbai,Good,247
Mumbai,Good,248
Mumbai,Good,249
Mumbai,Good,250
Mumbai,Good,251
Mumbai,Good,252
Mumbai,Good,253
Mumbai,Good,254
Mumbai,Good,255
Mumbai,Good,256
Mumbai,Good,257
Mumbai,Good,258
Mumbai,Good,259
Mumbai,Good,260
Mumbai,Good,261
Mumbai,Good,262
Mumbai,Good,263
Mumbai,Good,264
Mumbai,Good,265
Mumbai,Good,266
Mumbai,Good,267
Mumbai,Good,268
Mumbai,Good,269
Mumbai,Good,270
Mumbai,Good,271
Mumbai,Good,272
Mumbai,Good,273
Mumbai,Good,274
Mumbai,Good,275
Mumbai,Good,276
Mumbai,Good,277
Mumbai,Good,278
Mumbai,Good,279
Mumbai,Good,280
Mumbai,Good,281
Mumbai,Good,282
Mumbai,Hazardous,283
Mumbai,Good,284
Mumbai,Good,285
Mumbai,Good,286
Mumbai,Good,287
Mumbai,Good,288
Mumbai,Good,289
Mumbai,Good,290
Mumbai,Good,291
Mumbai,Good,292
Mumbai,Good,293
Mumbai,Good,294
Mumbai,Good,295
Mumbai,Good,296
Mumbai,Good,297
Mumbai,Good,298
Mumbai,Good,299
Mumbai,Good,300
Mumbai,Good,301
Mumbai,Good,302
Mumbai,Good,303
Mumbai,Good,304
Mumbai,Good,305
Mumbai,Good,306
Mumbai,Unhealthy,307
Mumbai,Good,308
Mumbai,Unhealthy,309
Mumbai,Moderate,310
Mumbai,Unhealthy,311
Mumbai,Hazardous,312
Mumbai,Good,313
Mumbai,Good,314
Mumbai,Good,315
Mumbai,Moderate,316
Mumbai,Unhealthy,317
Mumbai,Unhealthy,318
Mumbai,Unhealthy,319
Mumbai,Hazardous,320
Mumbai,Unhealthy,321
Mumbai,Unhealthy,322
Mumbai,Moderate,323
Mumbai,Moderate,324
Mumbai,Unhealthy,325
Mumbai,Unhealthy,326
Mumbai,Unhealthy,327
Mumbai,Unhealthy,328
Mumbai,Good,329
Mumbai,Good,330
Mumbai,Moderate,331
Mumbai,Unhealthy,332
Mumbai,Unhealthy,333
Mumbai,Unhealthy,334
Mumbai,Moderate,335
Mumbai,Moderate,336
Mumbai,Hazardous,337
Mumbai,Hazardous,338
Mumbai,Unhealthy,339
Mumbai,Hazardous,340
Mumbai,Hazardous,341
Mumbai,Hazardous,342
Mumbai,Moderate,343
Mumbai,Hazardous,344
Mumbai,Hazardous,345
Mumbai,Unhealthy,346
Mumbai,Hazardous,347
Mumbai,Unhealthy,348
Mumbai,Unhealthy,349
Mumbai,Hazardous,350
Mumbai,Unhealthy,351
Mumbai,Unhealthy,352
Mumbai,Unhealthy,353
Mumbai,Moderate,354
Mumbai,Hazardous,355
Mumbai,Hazardous,356
Mumbai,Moderate,357
Mumbai,Good,358
Mumbai,Unhealthy,359
Mumbai,Unhealthy,360
Mumbai,Hazardous,361
Mumbai,Unhealthy,362
Mumbai,Unhealthy,363
Mumbai,Unhealthy,364
Mumbai,Unhealthy,365
Mumbai,Hazardous,366
Mumbai,Hazardous,367
Mumbai,Moderate,368
Mumbai,Good,369
Mumbai,Hazardous,370
Mumbai,Hazardous,371
Mumbai,Hazardous,372
Mumbai,Unhealthy,373
Mumbai,Unhealthy,374
Mumbai,Unhealthy,375
Mumbai,Unhealthy,376
Mumbai,Unhealthy,377
Mumbai,Unhealthy,378
Mumbai,Unhealthy,379
Mumbai,Hazardous,380
Mumbai,Hazardous,381
Mumbai,Hazardous,382
Mumbai,Unhealthy,383
Mumbai,Unhealthy,384
Mumbai,Unhealthy,385
Mumbai,Unhealthy,386
Mumbai,Unhealthy,387
Mumbai,Hazardous,388
Mumbai,Unhealthy,389
Mumbai,Unhealthy,390
Mumbai,Unhealthy,391
Mumbai,Unhealthy,392
Mumbai,Hazardous,393
Mumbai,Hazardous,394
Mumbai,Unhealthy,395
Mumbai,Moderate,396
Mumbai,Unhealthy,397
Mumbai,Unhealthy,398
Mumbai,Unhealthy,399
Mumbai,Unhealthy,400
Mumbai,Hazardous,401
Mumbai,Unhealthy,402
Mumbai,Hazardous,403
Mumbai,Hazardous,404
Mumbai,Unhealthy,405
Mumbai,Unhealthy,406
Mumbai,Good,407
Mumbai,Moderate,408
Mumbai,Unhealthy,409
Mumbai,Unhealthy,410
Mumbai,Hazardous,411
Mumbai,Unhealthy,412
Mumbai,Unhealthy,413
Mumbai,Unhealthy,414
Mumbai,Unhealthy,415
Mumbai,Unhealthy,416
Mumbai,Hazardous,417
Mumbai,Unhealthy,418
Mumbai,Moderate,419
Mumbai,Good,420
Mumbai,Moderate,421
Mumbai,Moderate,422
Mumbai,Unhealthy,423
Mumbai,Unhealthy,424
Mumbai,Unhealthy,425
Mumbai,Unhealthy,426
Mumbai,Unhealthy,427
Mumbai,Hazardous,428
Mumbai,Hazardous,429
Mumbai,Hazardous,430
Mumbai,Unhealthy,431
Mumbai,Moderate,432
Mumbai,Hazardous,433
Mumbai,Unhealthy,434
Mumbai,Unhealthy,435
Mumbai,Unhealthy,436
Mumbai,Unhealthy,437
Mumbai,Unhealthy,438
Mumbai,Unhealthy,439
Mumbai,Moderate,440
Mumbai,Unhealthy,441
Mumbai,Hazardous,442
Mumbai,Unhealthy,443
Mumbai,Unhealthy,444
Mumbai,Unhealthy,445
Mumbai,Hazardous,446
Mumbai,Hazardous,447
Mumbai,Unhealthy,448
Mumbai,Unhealthy,449
Mumbai,Unhealthy,450
Mumbai,Unhealthy,451
Mumbai,Hazardous,452
Mumbai,Unhealthy,453
Mumbai,Hazardous,454
Mumbai,Unhealthy,455
Mumbai,Unhealthy,456
Mumbai,Hazardous,457
Mumbai,Hazardous,458
Mumbai,Unhealthy,459
Mumbai,Unhealthy,460
Mumbai,Moderate,461
Mumbai,Unhealthy,462
Mumbai,Unhealthy,463
Mumbai,Hazardous,464
Mumbai,Unhealthy,465
Mumbai,Unhealthy,466
Mumbai,Unhealthy,467
Mumbai,Hazardous,468
Mumbai,Unhealthy,469
Mumbai,Moderate,470
Mumbai,Unhealthy,471
Mumbai,Moderate,472
Mumbai,Moderate,473
Mumbai,Moderate,474
Mumbai,Moderate,475
Mumbai,Moderate,476
Mumbai,Unhealthy,477
Mumbai,Unhealthy,478
Mumbai,Moderate,479
Mumbai,Moderate,480
Mumbai,Moderate,481
Mumbai,Good,482
Mumbai,Moderate,483
Mumbai,Moderate,484
Mumbai,Unhealthy,485
Mumbai,Moderate,486
Mumbai,Good,487
Mumbai,Unhealthy,488
Mumbai,Unhealthy,489
Mumbai,Unhealthy,490
Mumbai,Moderate,491
Mumbai,Moderate,492
Mumbai,Moderate,493
Mumbai,Moderate,494
Mumbai,Unhealthy,495
Mumbai,Moderate,496
Mumbai,Good,497
Mumbai,Good,498
Mumbai,Moderate,499
Mumbai,Unhealthy,500
Mumbai,Moderate,501
Mumbai,Good,502
Mumbai,Moderate,503
Mumbai,Moderate,504
Mumbai,Moderate,505
Mumbai,Unhealthy,506
Mumbai,Moderate,507
Mumbai,Moderate,508
Mumbai,Moderate,509
Mumbai,Unhealthy,510
Mumbai,Moderate,511
Mumbai,Moderate,512
Mumbai,Unhealthy,513
Mumbai,Good,514
Mumbai,Moderate,515
Mumbai,Moderate,516
Mumbai,Moderate,517
Mumbai,Good,518
Mumbai,Good,519
Mumbai,Good,520
Mumbai,Moderate,521
Mumbai,Moderate,522
Mumbai,Good,523
Mumbai,Moderate,524
Mumbai,Moderate,525
Mumbai,Moderate,526
Mumbai,Good,527
Mumbai,Moderate,528
Mumbai,Good,529
Mumbai,Good,530
Mumbai,Unhealthy,531
Mumbai,Good,532
Mumbai,Moderate,533
Mumbai,Good,534
Mumbai,Unhealthy,535
Mumbai,Unhealthy,536
Mumbai,Moderate,537
Mumbai,Moderate,538
Mumbai,Good,539
Mumbai,Good,540
Mumbai,Good,541
Mumbai,Good,542
Mumbai,Good,543
Mumbai,Good,544
Mumbai,Good,545
Mumbai,Good,546
Mumbai,Good,547
Mumbai,Good,548
Mumbai,Good,549
Mumbai,Good,550
Mumbai,Good,551
Mumbai,Good,552
Mumbai,Good,553
Mumbai,Good,554
Mumbai,Good,555
Mumbai,Good,556
Mumbai,Good,557
Mumbai,Good,558
Mumbai,Good,559
Mumbai,Good,560
Mumbai,Good,561
Mumbai,Good,562
Mumbai,Good,563
Mumbai,Good,564
Mumbai,Good,565
Mumbai,Good,566
Mumbai,Good,567
Mumbai,Good,568
Mumbai,Good,569
Mumbai,Good,570
Mumbai,Good,571
Mumbai,Good,572
Mumbai,Good,573
Mumbai,Good,574
Mumbai,Good,575
Mumbai,Good,576
Mumbai,Good,577
Mumbai,Good,578
Mumbai,Good,579
Mumbai,Good,580
Mumbai,Good,581
Mumbai,Good,582
Mumbai,Good,583
Mumbai,Good,584
Mumbai,Good,585
Mumbai,Good,586
Mumbai,Good,587
Mumbai,Good,588
Mumbai,Good,589
Mumbai,Good,590
Mumbai,Good,591
Mumbai,Good,592
Mumbai,Good,593
Mumbai,Good,594
Mumbai,Good,595
Mumbai,Good,596
Mumbai,Good,597
Mumbai,Good,598
Mumbai,Good,599
Mumbai,Good,600
Mumbai,Good,601
Mumbai,Good,602
Mumbai,Good,603
Mumbai,Good,604
Mumbai,Unhealthy,605
Mumbai,Good,606
Mumbai,Good,607
Mumbai,Good,608
Mumbai,Good,609
Mumbai,Good,610
Mumbai,Good,611
Mumbai,Moderate,612
Mumbai,Good,613
Mumbai,Good,614
Mumbai,Good,615
Mumbai,Good,616
Mumbai,Good,617
Mumbai,Good,618
Mumbai,Good,619
Mumbai,Good,620
Mumbai,Good,621
Mumbai,Good,622
Mumbai,Good,623
Mumbai,Good,624
Mumbai,Good,625
Mumbai,Good,626
Mumbai,Good,627
Mumbai,Good,628
Mumbai,Good,629
Mumbai,Good,630
Mumbai,Good,631
Mumbai,Good,632
Mumbai,Good,633
Mumbai,Good,634
Mumbai,Good,635
Mumbai,Good,636
Mumbai,Moderate,637
Mumbai,Unhealthy,638
Mumbai,Unhealthy,639
Mumbai,Moderate,640
Mumbai,Unhealthy,641
Mumbai,Unhealthy,642
Mumbai,Good,643
Mumbai,Good,644
Mumbai,Good,645
Mumbai,Moderate,646
Mumbai,Unhealthy,647
Mumbai,Unhealthy,648
Mumbai,Good,649
Mumbai,Good,650
Mumbai,Moderate,651
Mumbai,Good,652
Mumbai,Good,653
Mumbai,Good,654
Mumbai,Good,655
Mumbai,Good,656
Mumbai,Good,657
Mumbai,Good,658
Mumbai,Good,659
Mumbai,Good,660
Mumbai,Good,661
Mumbai,Good,662
Mumbai,Good,663
Mumbai,Moderate,664
Mumbai,Moderate,665
Mumbai,Unhealthy,666
Mumbai,Unhealthy,667
Mumbai,Unhealthy,668
Mumbai,Unhealthy,669
Mumbai,Hazardous,670
Mumbai,Good,671
Mumbai,Moderate,672
Mumbai,Good,673
Mumbai,Good,674
Mumbai,Good,675
Mumbai,Good,676
Mumbai,Good,677
Mumbai,Good,678
Mumbai,Good,679
Mumbai,Moderate,680
Mumbai,Unhealthy,681
Mumbai,Hazardous,682
Mumbai,Unhealthy,683
Mumbai,Hazardous,684
Mumbai,Unhealthy,685
Mumbai,Unhealthy,686
Mumbai,Moderate,687
Mumbai,Good,688
Mumbai,Hazardous,689
Mumbai,Hazardous,690
Mumbai,Unhealthy,691
Mumbai,Hazardous,692
Mumbai,Unhealthy,693
Mumbai,Unhealthy,694
Mumbai,Unhealthy,695
Mumbai,Hazardous,696
Mumbai,Hazardous,697
Mumbai,Hazardous,698
Mumbai,Unhealthy,699
Mumbai,Unhealthy,700
Mumbai,Hazardous,701
Mumbai,Unhealthy,702
Mumbai,Unhealthy,703
Mumbai,Hazardous,704
Mumbai,Hazardous,705
Mumbai,Unhealthy,706
Mumbai,Unhealthy,707
Mumbai,Hazardous,708
Mumbai,Unhealthy,709
Mumbai,Hazardous,710
Mumbai,Hazardous,711
Mumbai,Unhealthy,712
Mumbai,Unhealthy,713
Mumbai,Unhealthy,714
Mumbai,Hazardous,715
Mumbai,Hazardous,716
Mumbai,Unhealthy,717
Mumbai,Unhealthy,718
Mumbai,Unhealthy,719
Mumbai,Unhealthy,720
Mumbai,Moderate,721
Mumbai,Hazardous,722
Mumbai,Hazardous,723
Mumbai,Hazardous,724
Mumbai,Hazardous,725
Mumbai,Hazardous,726
Mumbai,Unhealthy,727
Mumbai,Hazardous,728
Mumbai,Hazardous,729
Mumbai,Hazardous,730
Mumbai,Unhealthy,731
Mumbai,Hazardous,732
Mumbai,Hazardous,733
Mumbai,Hazardous,734
Mumbai,Hazardous,735
Mumbai,Hazardous,736
Mumbai,Hazardous,737
Mumbai,Hazardous,738
Mumbai,Unhealthy,739
Mumbai,Unhealthy,740
Mumbai,Unhealthy,741
Mumbai,Unhealthy,742
Mumbai,Unhealthy,743
Mumbai,Unhealthy,744
Mumbai,Hazardous,745
Mumbai,Unhealthy,746
Mumbai,Unhealthy,747
Mumbai,Unhealthy,748
Mumbai,Hazardous,749
Mumbai,Hazardous,750
Mumbai,Hazardous,751
Mumbai,Hazardous,752
Mumbai,Hazardous,753
Mumbai,Unhealthy,754
Mumbai,Hazardous,755
Mumbai,Hazardous,756
Mumbai,Hazardous,757
Mumbai,Hazardous,758
Mumbai,Hazardous,759
Mumbai,Hazardous,760
Mumbai,Unhealthy,761
Mumbai,Unhealthy,762
Mumbai,Hazardous,763
Mumbai,Hazardous,764
Mumbai,Hazardous,765
Mumbai,Hazardous,766
Mumbai,Unhealthy,767
Mumbai,Unhealthy,768
Mumbai,Unhealthy,769
Mumbai,Unhealthy,770
Mumbai,Unhealthy,771
Mumbai,Hazardous,772
Mumbai,Good,773
Mumbai,Moderate,774
Mumbai,Unhealthy,775
Mumbai,Unhealthy,776
Mumbai,Unhealthy,777
Mumbai,Hazardous,778
Mumbai,Hazardous,779
Mumbai,Hazardous,780
Mumbai,Hazardous,781
Mumbai,Unhealthy,782
Mumbai,Moderate,783
Mumbai,Moderate,784
Mumbai,Moderate,785
Mumbai,Unhealthy,786
Mumbai,Unhealthy,787
Mumbai,Hazardous,788
Mumbai,Hazardous,789
Mumbai,Unhealthy,790
Mumbai,Unhealthy,791
Mumbai,Moderate,792
Mumbai,Unhealthy,793
Mumbai,Moderate,794
Mumbai,Unhealthy,795
Mumbai,Unhealthy,796
Mumbai,Hazardous,797
Mumbai,Moderate,798
Mumbai,Unhealthy,799
Mumbai,Hazardous,800
Mumbai,Hazardous,801
Mumbai,Unhealthy,802
Mumbai,Moderate,803
Mumbai,Good,804
Mumbai,Hazardous,805
Mumbai,Hazardous,806
Mumbai,Hazardous,807
Mumbai,Unhealthy,808
Mumbai,Unhealthy,809
Mumbai,Unhealthy,810
Mumbai,Unhealthy,811
Mumbai,Hazardous,812
Mumbai,Moderate,813
Mumbai,Unhealthy,814
Mumbai,Unhealthy,815
Mumbai,Unhealthy,816
Mumbai,Unhealthy,817
Mumbai,Hazardous,818
Mumbai,Unhealthy,819
Mumbai,Hazardous,820
Mumbai,Hazardous,821
Mumbai,Hazardous,822
Mumbai,Unhealthy,823
Mumbai,Unhealthy,824
Mumbai,Unhealthy,825
Mumbai,Hazardous,826
Mumbai,Unhealthy,827
Mumbai,Unhealthy,828
Mumbai,Unhealthy,829
Mumbai,Unhealthy,830
Mumbai,Unhealthy,831
Mumbai,Unhealthy,832
Mumbai,Unhealthy,833
Mumbai,Unhealthy,834
Mumbai,Moderate,835
Mumbai,Hazardous,836
Mumbai,Good,837
Mumbai,Good,838
Mumbai,Moderate,839
Mumbai,Unhealthy,840
Mumbai,Moderate,841
Mumbai,Good,842
Mumbai,Good,843
Mumbai,Moderate,844
Mumbai,Good,845
Mumbai,Unhealthy,846
Mumbai,Unhealthy,847
Mumbai,Moderate,848
Mumbai,Good,849
Mumbai,Moderate,850
Mumbai,Good,851
Mumbai,Good,852
Mumbai,Moderate,853
Mumbai,Moderate,854
Mumbai,Good,855
Mumbai,Moderate,856
Mumbai,Hazardous,857
Mumbai,Hazardous,858
Mumbai,Unhealthy,859
Mumbai,Moderate,860
Mumbai,Unhealthy,861
Mumbai,Moderate,862
Mumbai,Moderate,863
Mumbai,Unhealthy,864
Mumbai,Unhealthy,865
Mumbai,Unhealthy,866
Mumbai,Unhealthy,867
Mumbai,Moderate,868
Mumbai,Good,869
Mumbai,Good,870
Mumbai,Good,871
Mumbai,Good,872
Mumbai,Good,873
Mumbai,Unhealthy,874
Mumbai,Good,875
Mumbai,Good,876
Mumbai,Good,877
Mumbai,Moderate,878
Mumbai,Moderate,879
Mumbai,Good,880
Mumbai,Good,881
Mumbai,Moderate,882
Mumbai,Good,883
Mumbai,Good,884
Mumbai,Moderate,885
Mumbai,Good,886
Mumbai,Good,887
Mumbai,Good,888
Mumbai,Good,889
Mumbai,Moderate,890
Mumbai,Good,891
Mumbai,Moderate,892
Mumbai,Good,893
Mumbai,Good,894
Mumbai,Good,895
Mumbai,Good,896
Mumbai,Good,897
Mumbai,Good,898
Mumbai,Good,899
Mumbai,Good,900
Mumbai,Good,901
Mumbai,Good,902
Mumbai,Good,903
Mumbai,Good,904
